author,title,discovery,link,id_system,id_ref
Cardone et al. 2011 [MNRAS416(2011)1822],Secondary infall model and dark matter scaling relations in intermediate-redshift early-type galaxies,,http://admin.masterlens.org/citation.php?referenceID=838&,100,0
Auger et al. 2009 [ApJ705(2009)1099],"The Sloan Lens ACS Survey. IX. Colors, Lensing, and Stellar Masses of Early-Type Galaxies",,http://admin.masterlens.org/citation.php?referenceID=20&,100,1
Newton et al. 2009 [ApJ696(2009)1125],Enhanced Lensing Rate by Clustering of Massive Galaxies: Newly Discovered Systems in the Slacs Fields,,http://admin.masterlens.org/citation.php?referenceID=19&,100,2
Grillo et al. 2009 [A&A501(2009)461],Photometric mass and mass decomposition in early-type lens galaxies,,http://admin.masterlens.org/citation.php?referenceID=839&,100,3
Treu et al. 2009 [ApJ690(2009)670],The SLACS Survey. VIII. The Relation between Environment and Internal Structure of Early-Type Galaxies,,http://admin.masterlens.org/citation.php?referenceID=840&,100,4
Bolton et al. 2008 [ApJ682(2008)964],The Sloan Lens ACS Survey. V. The Full ACS Strong-Lens Sample,Discovery Paper,http://admin.masterlens.org/citation.php?referenceID=229&,100,5
Pawase et al. 2012 [arXiv:1206.3412],A seven square degrees survey for galaxy-scale gravitational lenses with the HST imaging archive,Discovery Paper,http://admin.masterlens.org/citation.php?referenceID=3488&,101,6
Pawase et al. 2012 [arXiv:1206.3412],A seven square degrees survey for galaxy-scale gravitational lenses with the HST imaging archive,Discovery Paper,http://admin.masterlens.org/citation.php?referenceID=3488&,102,7
Bayliss et al. 2010 [ApJ720(2010)1559],Two Lensed Lyman-α Emitting Galaxies at z~ 5,,http://admin.masterlens.org/citation.php?referenceID=3485&,103,8
Koester et al. 2010 [ApJL723(2010)L73],Two Lensed z=3 Lyman Break Galaxies Discovered in the SDSS Giant Arcs Survey,,http://admin.masterlens.org/citation.php?referenceID=219&,103,9
Kubo et al. 2009 [ApJL696(2009)L61],The Sloan Bright Arcs Survey: Six Strongly Lensed Galaxies at z = 0.4-1.4,,http://admin.masterlens.org/citation.php?referenceID=208&,103,10
Lin et al. 2009 [ApJ699(2009)1242],"Discovery of a Very Bright, Strongly Lensed z = 2 Galaxy in the SDSS DR5",,http://admin.masterlens.org/citation.php?referenceID=211&,103,11
Belokurov et al. 2009 [MNRAS392(2009)104],Two new large-separation gravitational lenses from SDSS,,http://admin.masterlens.org/citation.php?referenceID=225&,103,12
Diehl et al. 2009 [ApJ707(2009)686],The Sloan Bright Arcs Survey: Four Strongly Lensed Galaxies with Redshift > 2,,http://admin.masterlens.org/citation.php?referenceID=216&,103,13
Allam et al. 2007 [ApJL662(2007)L51],The 8 Oclock Arc: A Serendipitous Discovery of a Strongly Lensed Lyman Break Galaxy in the SDSS DR4 Imaging Data,Discovery Paper,http://admin.masterlens.org/citation.php?referenceID=213&,103,14
Belokurov et al. 2007 [ApJL671(2007)L9],The Cosmic Horseshoe: Discovery of an Einstein Ring around a Giant Luminous Red Galaxy,,http://admin.masterlens.org/citation.php?referenceID=191&,103,15
Cardone et al. 2011 [MNRAS416(2011)1822],Secondary infall model and dark matter scaling relations in intermediate-redshift early-type galaxies,,http://admin.masterlens.org/citation.php?referenceID=838&,104,16
Auger et al. 2010 [ApJ724(2010)511],"The Sloan Lens ACS Survey. X. Stellar, Dynamical, and Total Mass Correlations of Massive Early-type Galaxies",,http://admin.masterlens.org/citation.php?referenceID=584&,104,17
Treu et al. 2010 [ApJ709(2010)1195],The Initial Mass Function of Early-Type Galaxies,,http://admin.masterlens.org/citation.php?referenceID=841&,104,18
Bandara et al. 2009 [ApJ704(2009)1135],A Relationship Between Supermassive Black Hole Mass and the Total Gravitational Mass of the Host Galaxy,,http://admin.masterlens.org/citation.php?referenceID=842&,104,19
Auger et al. 2009 [ApJ705(2009)1099],"The Sloan Lens ACS Survey. IX. Colors, Lensing, and Stellar Masses of Early-Type Galaxies",,http://admin.masterlens.org/citation.php?referenceID=20&,104,20
Newton et al. 2009 [ApJ696(2009)1125],Enhanced Lensing Rate by Clustering of Massive Galaxies: Newly Discovered Systems in the Slacs Fields,,http://admin.masterlens.org/citation.php?referenceID=19&,104,21
Grillo et al. 2009 [A&A501(2009)461],Photometric mass and mass decomposition in early-type lens galaxies,,http://admin.masterlens.org/citation.php?referenceID=839&,104,22
Treu et al. 2009 [ApJ690(2009)670],The SLACS Survey. VIII. The Relation between Environment and Internal Structure of Early-Type Galaxies,,http://admin.masterlens.org/citation.php?referenceID=840&,104,23
Bolton et al. 2008 [ApJ682(2008)964],The Sloan Lens ACS Survey. V. The Full ACS Strong-Lens Sample,Discovery Paper,http://admin.masterlens.org/citation.php?referenceID=229&,104,24
Gavazzi et al. 2007 [ApJ667(2007)176],The Sloan Lens ACS Survey. IV. The Mass Density Profile of Early-Type Galaxies out to 100 Effective Radii,,http://admin.masterlens.org/citation.php?referenceID=843&,104,25
Smith et al. 2010 [MNRAS409(2010)169],LoCuSS: connecting the dominance and shape of brightest cluster galaxies with the assembly history of massive clusters,,http://admin.masterlens.org/citation.php?referenceID=3962&,105,26
Smith et al. 2008 [ApJL682(2008)L73],Connecting Substructure in Galaxy Cluster Cores at z = 0.2 with Cluster Assembly Histories,,http://admin.masterlens.org/citation.php?referenceID=3967&,105,27
Richard et al. 2007 [ApJ662(2007)781],A Statistical Study of Multiply Imaged Systems in the Lensing Cluster Abell 68,,http://admin.masterlens.org/citation.php?referenceID=3958&,105,28
Smith et al. 2005 [MNRAS359(2005)417],"A  Hubble Space Telescope lensing survey of X-ray luminous galaxy clusters  - IV. Mass, structure and thermodynamics of cluster cores at z= 0.2",,http://admin.masterlens.org/citation.php?referenceID=3978&,105,29
Sand et al. 2005 [ApJ627(2005)32],A Systematic Search for Gravitationally Lensed Arcs in the Hubble Space Telescope WFPC2 Archive,Discovery Paper,http://admin.masterlens.org/citation.php?referenceID=207&,105,30
Smith et al. 2002 [MNRAS333(2002)L16],A Hubble Space Telescope lensing survey of X-ray luminous galaxy clusters - III. A multiply imaged extremely red galaxy at z=1.6,,http://admin.masterlens.org/citation.php?referenceID=3981&,105,31
Smith et al. 2002 [MNRAS330(2002)1],A Hubble Space Telescope lensing survey of X-ray-luminous galaxy clusters - II. A search for gravitationally lensed EROs ^*,,http://admin.masterlens.org/citation.php?referenceID=3983&,105,32
Auger et al. 2009 [ApJ705(2009)1099],"The Sloan Lens ACS Survey. IX. Colors, Lensing, and Stellar Masses of Early-Type Galaxies",,http://admin.masterlens.org/citation.php?referenceID=20&,106,33
Bolton et al. 2008 [ApJ682(2008)964],The Sloan Lens ACS Survey. V. The Full ACS Strong-Lens Sample,Discovery Paper,http://admin.masterlens.org/citation.php?referenceID=229&,106,34
Brewer et al. 2006 [ApJ651(2006)8],The Einstein Ring 0047-2808 Revisited: A Bayesian Inversion,,http://admin.masterlens.org/citation.php?referenceID=2634&,107,35
Wayth et al. 2005 [MNRAS360(2005)1333],The lens and source of the optical Einstein ring gravitational lens ER 0047-2808,,http://admin.masterlens.org/citation.php?referenceID=717&,107,36
Koopmans et al. 2003 [ApJ583(2003)606],The Structure and Dynamics of Luminous and Dark Matter in the Early-Type Lens Galaxy of 0047-281 at z = 0.485,,http://admin.masterlens.org/citation.php?referenceID=180&,107,37
Kochanek et al. 2000 [ApJ543(2000)131],The Fundamental Plane of Gravitational Lens Galaxies and The Evolution of Early-Type Galaxies in Low-Density Environments,,http://admin.masterlens.org/citation.php?referenceID=302&,107,38
Warren et al. 1999 [A&A343(1999)L35],A VLT colour image of the optical Einstein ring 0047-2808,,http://admin.masterlens.org/citation.php?referenceID=184&,107,39
Warren et al. 1998 [MNRAS299(1998)1215],Spectroscopy of the optical Einstein ring 0047-2808,,http://admin.masterlens.org/citation.php?referenceID=185&,107,40
Warren et al. 1996 [MNRAS278(1996)139],A candidate optical Einstein ring,Discovery Paper,http://admin.masterlens.org/citation.php?referenceID=186&,107,41
Mosquera et al. 2011 [ApJ738(2011)96],The Microlensing Properties of a Sample of 87 Lensed Quasars,,http://admin.masterlens.org/citation.php?referenceID=238&,108,42
Chantry et al. 2010 [A&A522(2010)A95],COSMOGRAIL:  the COSmological MOnitoring of GRAvItational Lenses. VIII. Deconvolution of high resolution near-IR images and simple mass models for 7 gravitationally lensed quasars,,http://admin.masterlens.org/citation.php?referenceID=239&,108,43
Mediavilla et al. 2009 [ApJ706(2009)1451],Microlensing-based Estimate of the Mass Fraction in Compact Objects in Lens Galaxies,,http://admin.masterlens.org/citation.php?referenceID=764&,108,44
Eigenbrod et al. 2006 [A&A451(2006)759],COSMOGRAIL:  the COSmological MOnitoring of GRAvItational Lenses. III. Redshift of the lensing galaxy in eight gravitationally lensed quasars,,http://admin.masterlens.org/citation.php?referenceID=263&,108,45
Ofek et al. 2006 [ApJ641(2006)70],Spectroscopic Redshifts for Seven Lens Galaxies,,http://admin.masterlens.org/citation.php?referenceID=236&,108,46
Wisotzki et al. 2004 [A&A419(2004)L31],HE 0047-1756: A new gravitationally lensed double QSO,Discovery Paper,http://admin.masterlens.org/citation.php?referenceID=237&,108,47
Auger et al. 2009 [ApJ705(2009)1099],"The Sloan Lens ACS Survey. IX. Colors, Lensing, and Stellar Masses of Early-Type Galaxies",,http://admin.masterlens.org/citation.php?referenceID=20&,109,48
Bolton et al. 2008 [ApJ682(2008)964],The Sloan Lens ACS Survey. V. The Full ACS Strong-Lens Sample,Discovery Paper,http://admin.masterlens.org/citation.php?referenceID=229&,109,49
More et al. 2012 [ApJ749(2012)38],The CFHTLS-Strong Lensing Legacy Survey (SL2S): Investigating the Group-scale Lenses with the SARCS Sample,Discovery Paper,http://admin.masterlens.org/citation.php?referenceID=161&,110,50
Hennawi et al. 2008 [AstronJ135(2008)664],A New Survey for Giant Arcs,,http://admin.masterlens.org/citation.php?referenceID=218&,111,51
Estrada et al. 2007 [ApJ660(2007)1176],A Systematic Search for High Surface Brightness Giant Arcs in a Sloan Digital Sky Survey Cluster Sample,Discovery Paper,http://admin.masterlens.org/citation.php?referenceID=214&,111,52
More et al. 2012 [ApJ749(2012)38],The CFHTLS-Strong Lensing Legacy Survey (SL2S): Investigating the Group-scale Lenses with the SARCS Sample,Discovery Paper,http://admin.masterlens.org/citation.php?referenceID=161&,112,53
Sonnenfeld et al. 2013 [arXiv1307.4759],"The  SL2S Galaxy-scale Lens Sample. IV. The dependence of the total mass density profile of early-type galaxies on redshift, stellar mass, and size",,http://admin.masterlens.org/citation.php?referenceID=4316&,113,54
Sonnenfeld et al. 2013 [arXiv1307.4764],"The SL2S Galaxy-scale Lens Sample. III. Lens Models, Surface Photometry and Stellar Masses for the final sample",Discovery Paper,http://admin.masterlens.org/citation.php?referenceID=4315&,113,55
More et al. 2012 [ApJ749(2012)38],The CFHTLS-Strong Lensing Legacy Survey (SL2S): Investigating the Group-scale Lenses with the SARCS Sample,,http://admin.masterlens.org/citation.php?referenceID=161&,114,56
Rogers et al. 2011 [ApJ743(2011)68],Strong Gravitational Lens Modeling with Spatially Variant Point-spread Functions,,http://admin.masterlens.org/citation.php?referenceID=1798&,114,57
Cabanac et al. 2007 [A&A461(2007)813],The CFHTLS strong lensing legacy survey. I. Survey overview and T0002 release sample,Discovery Paper,http://admin.masterlens.org/citation.php?referenceID=360&,114,58
Sonnenfeld et al. 2013 [arXiv1307.4759],"The  SL2S Galaxy-scale Lens Sample. IV. The dependence of the total mass density profile of early-type galaxies on redshift, stellar mass, and size",,http://admin.masterlens.org/citation.php?referenceID=4316&,115,59
Sonnenfeld et al. 2013 [arXiv1307.4764],"The SL2S Galaxy-scale Lens Sample. III. Lens Models, Surface Photometry and Stellar Masses for the final sample",,http://admin.masterlens.org/citation.php?referenceID=4315&,115,60
More et al. 2012 [ApJ749(2012)38],The CFHTLS-Strong Lensing Legacy Survey (SL2S): Investigating the Group-scale Lenses with the SARCS Sample,,http://admin.masterlens.org/citation.php?referenceID=161&,115,61
Gavazzi et al. 2012 [ApJ761(2012)170],The  SL2S Galaxy-scale Gravitational Lens Sample. I. The Alignment of Mass and Light in Massive Early-type Galaxies at z = 0.2-0.9,,http://admin.masterlens.org/citation.php?referenceID=4317&,115,62
Ruff et al. 2011 [ApJ727(2011)96],The SL2S Galaxy-scale Lens Sample. II. Cosmic Evolution of Dark and Luminous Mass in Early-type Galaxies,Discovery Paper,http://admin.masterlens.org/citation.php?referenceID=158&,115,63
Auger et al. 2009 [ApJ705(2009)1099],"The Sloan Lens ACS Survey. IX. Colors, Lensing, and Stellar Masses of Early-Type Galaxies",,http://admin.masterlens.org/citation.php?referenceID=20&,116,64
Newton et al. 2009 [ApJ696(2009)1125],Enhanced Lensing Rate by Clustering of Massive Galaxies: Newly Discovered Systems in the Slacs Fields,,http://admin.masterlens.org/citation.php?referenceID=19&,116,65
Bolton et al. 2008 [ApJ682(2008)964],The Sloan Lens ACS Survey. V. The Full ACS Strong-Lens Sample,,http://admin.masterlens.org/citation.php?referenceID=229&,116,66
Bolton et al. 2006 [ApJ638(2006)703],The Sloan Lens ACS Survey. I. A Large Spectroscopically Selected Sample of Massive Early-Type Lens Galaxies,Discovery Paper,http://admin.masterlens.org/citation.php?referenceID=226&,116,67
Sonnenfeld et al. 2013 [arXiv1307.4759],"The  SL2S Galaxy-scale Lens Sample. IV. The dependence of the total mass density profile of early-type galaxies on redshift, stellar mass, and size",,http://admin.masterlens.org/citation.php?referenceID=4316&,117,68
Sonnenfeld et al. 2013 [arXiv1307.4764],"The SL2S Galaxy-scale Lens Sample. III. Lens Models, Surface Photometry and Stellar Masses for the final sample",,http://admin.masterlens.org/citation.php?referenceID=4315&,117,69
Gavazzi et al. 2012 [ApJ761(2012)170],The  SL2S Galaxy-scale Gravitational Lens Sample. I. The Alignment of Mass and Light in Massive Early-type Galaxies at z = 0.2-0.9,,http://admin.masterlens.org/citation.php?referenceID=4317&,117,70
Cooray 2011 [2011arXiv:1110.3784],Lensed galaxies in CANDELS,,http://admin.masterlens.org/citation.php?referenceID=155&,117,71
Ruff et al. 2011 [ApJ727(2011)96],The SL2S Galaxy-scale Lens Sample. II. Cosmic Evolution of Dark and Luminous Mass in Early-type Galaxies,,http://admin.masterlens.org/citation.php?referenceID=158&,117,72
Tu 2009 [A&A501(2009)475],The  mass profile of early-type galaxies in overdense environments: the case  of the double source-plane gravitational lens SL2SJ02176-0513,Discovery Paper,http://admin.masterlens.org/citation.php?referenceID=156&,117,73
Sonnenfeld et al. 2013 [arXiv1307.4759],"The  SL2S Galaxy-scale Lens Sample. IV. The dependence of the total mass density profile of early-type galaxies on redshift, stellar mass, and size",,http://admin.masterlens.org/citation.php?referenceID=4316&,118,74
Sonnenfeld et al. 2013 [arXiv1307.4764],"The SL2S Galaxy-scale Lens Sample. III. Lens Models, Surface Photometry and Stellar Masses for the final sample",,http://admin.masterlens.org/citation.php?referenceID=4315&,118,75
Gavazzi et al. 2012 [ApJ761(2012)170],The  SL2S Galaxy-scale Gravitational Lens Sample. I. The Alignment of Mass and Light in Massive Early-type Galaxies at z = 0.2-0.9,,http://admin.masterlens.org/citation.php?referenceID=4317&,118,76
Ruff et al. 2011 [ApJ727(2011)96],The SL2S Galaxy-scale Lens Sample. II. Cosmic Evolution of Dark and Luminous Mass in Early-type Galaxies,Discovery Paper,http://admin.masterlens.org/citation.php?referenceID=158&,118,77
Nord et al. 2016 [ApJ827(2016)51],Observation and Confirmation of Six Strong-lensing Systems in the Dark Energy Survey Science Verification Data,,http://admin.masterlens.org/citation.php?referenceID=4329&,119,78
More et al. 2012 [ApJ749(2012)38],The CFHTLS-Strong Lensing Legacy Survey (SL2S): Investigating the Group-scale Lenses with the SARCS Sample,Discovery Paper,http://admin.masterlens.org/citation.php?referenceID=161&,119,79
Sonnenfeld et al. 2013 [arXiv1307.4759],"The  SL2S Galaxy-scale Lens Sample. IV. The dependence of the total mass density profile of early-type galaxies on redshift, stellar mass, and size",,http://admin.masterlens.org/citation.php?referenceID=4316&,120,80
Sonnenfeld et al. 2013 [arXiv1307.4764],"The SL2S Galaxy-scale Lens Sample. III. Lens Models, Surface Photometry and Stellar Masses for the final sample",,http://admin.masterlens.org/citation.php?referenceID=4315&,120,81
More et al. 2012 [ApJ749(2012)38],The CFHTLS-Strong Lensing Legacy Survey (SL2S): Investigating the Group-scale Lenses with the SARCS Sample,,http://admin.masterlens.org/citation.php?referenceID=161&,120,82
Ruff et al. 2011 [ApJ727(2011)96],The SL2S Galaxy-scale Lens Sample. II. Cosmic Evolution of Dark and Luminous Mass in Early-type Galaxies,Discovery Paper,http://admin.masterlens.org/citation.php?referenceID=158&,120,83
More et al. 2012 [ApJ749(2012)38],The CFHTLS-Strong Lensing Legacy Survey (SL2S): Investigating the Group-scale Lenses with the SARCS Sample,Discovery Paper,http://admin.masterlens.org/citation.php?referenceID=161&,121,84
Inada et al. 2012 [AstronJ143(2012)119],The Sloan Digital Sky Survey Quasar Lens Search. V. Final Catalog from the Seventh Data Release,,http://admin.masterlens.org/citation.php?referenceID=295&,122,85
Sluse et al. 2012 [A&A544(2012)A62],Microlensing of the broad line region in 17 lensed quasars,,http://admin.masterlens.org/citation.php?referenceID=297&,122,86
Mosquera et al. 2011 [ApJ738(2011)96],The Microlensing Properties of a Sample of 87 Lensed Quasars,,http://admin.masterlens.org/citation.php?referenceID=238&,122,87
Fadely et al. 2011 [AstronJ141(2011)101],Near-infrared K and L' Flux Ratios in Six Lensed Quasars,,http://admin.masterlens.org/citation.php?referenceID=756&,122,88
Fassnacht et al. 2011 [MNRAS410(2011)2167],Galaxy number counts and implications for strong lensing,,http://admin.masterlens.org/citation.php?referenceID=582&,122,89
Assef et al. 2011 [ApJ742(2011)93],Black Hole Mass Estimates Based on C IV are Consistent with Those Based on the Balmer Lines,,http://admin.masterlens.org/citation.php?referenceID=752&,122,90
Schneider et al. 2010 [AstronJ139(2010)2360],The Sloan Digital Sky Survey Quasar Catalog. V. Seventh Data Release,,http://admin.masterlens.org/citation.php?referenceID=353&,122,91
Inada et al. 2010 [AstronJ140(2010)403],The Sloan Digital Sky Survey Quasar Lens Search. IV. Statistical Lens Sample from the Fifth Data Release,,http://admin.masterlens.org/citation.php?referenceID=974&,122,92
Inada et al. 2008 [AstronJ135(2008)496],The Sloan Digital Sky Survey Quasar Lens Search. II. Statistical Lens Sample from the Third Data Release,,http://admin.masterlens.org/citation.php?referenceID=64&,122,93
Eigenbrod et al. 2007 [A&A465(2007)51],COSMOGRAIL:  the COSmological MOnitoring of GRAvItational Lenses. VI. Redshift of the lensing galaxy in seven gravitationally lensed quasars,,http://admin.masterlens.org/citation.php?referenceID=262&,122,94
Trump et al. 2006 [ApJS165(2006)1],A Catalog of Broad Absorption Line Quasars from the Sloan Digital Sky Survey Third Data Release,,http://admin.masterlens.org/citation.php?referenceID=976&,122,95
Inada et al. 2005 [AstronJ130(2005)1967],SDSS J024634.11-082536.2: A New Gravitationally Lensed Quasar from the Sloan Digital Sky Survey,Discovery Paper,http://admin.masterlens.org/citation.php?referenceID=3&,122,96
Auger et al. 2009 [ApJ705(2009)1099],"The Sloan Lens ACS Survey. IX. Colors, Lensing, and Stellar Masses of Early-Type Galaxies",,http://admin.masterlens.org/citation.php?referenceID=20&,123,97
Newton et al. 2009 [ApJ696(2009)1125],Enhanced Lensing Rate by Clustering of Massive Galaxies: Newly Discovered Systems in the Slacs Fields,,http://admin.masterlens.org/citation.php?referenceID=19&,123,98
Bolton et al. 2008 [ApJ682(2008)964],The Sloan Lens ACS Survey. V. The Full ACS Strong-Lens Sample,Discovery Paper,http://admin.masterlens.org/citation.php?referenceID=229&,123,99
Auger et al. 2009 [ApJ705(2009)1099],"The Sloan Lens ACS Survey. IX. Colors, Lensing, and Stellar Masses of Early-Type Galaxies",,http://admin.masterlens.org/citation.php?referenceID=20&,124,100
Newton et al. 2009 [ApJ696(2009)1125],Enhanced Lensing Rate by Clustering of Massive Galaxies: Newly Discovered Systems in the Slacs Fields,,http://admin.masterlens.org/citation.php?referenceID=19&,124,101
Bolton et al. 2008 [ApJ682(2008)964],The Sloan Lens ACS Survey. V. The Full ACS Strong-Lens Sample,Discovery Paper,http://admin.masterlens.org/citation.php?referenceID=229&,124,102
More et al. 2011 [ApJ734(2011)69],Gravitational Lens Candidates in the E-CDFS,,http://admin.masterlens.org/citation.php?referenceID=138&,125,103
Blakeslee et al. 2004 [ApJL602(2004)L9],Advanced Camera for Surveys Observations of a Strongly Lensed Arc in a Field Elliptical Galaxy,Discovery Paper,http://admin.masterlens.org/citation.php?referenceID=164&,125,104
Mosquera et al. 2011 [ApJ738(2011)96],The Microlensing Properties of a Sample of 87 Lensed Quasars,,http://admin.masterlens.org/citation.php?referenceID=238&,126,105
Fadely et al. 2011 [AstronJ141(2011)101],Near-infrared K and L' Flux Ratios in Six Lensed Quasars,,http://admin.masterlens.org/citation.php?referenceID=756&,126,106
Chantry et al. 2010 [A&A522(2010)A95],COSMOGRAIL:  the COSmological MOnitoring of GRAvItational Lenses. VIII. Deconvolution of high resolution near-IR images and simple mass models for 7 gravitationally lensed quasars,,http://admin.masterlens.org/citation.php?referenceID=239&,126,107
Lagattuta et al. 2010 [ApJL716(2010)L185],"Adaptive Optics Observations of B0128+437: A Low-mass, High-redshift Gravitational Lens",,http://admin.masterlens.org/citation.php?referenceID=72&,126,108
Anguita et al. 2009 [A&A507(2009)35],COSMOS 5921+0638: characterization and analysis of a new strong gravitationally lensed AGN,,http://admin.masterlens.org/citation.php?referenceID=14&,126,109
Minezaki et al. 2009 [ApJ697(2009)610],Subaru Mid-Infrared Imaging of the Quadruple Lenses. II. Unveiling Lens Structure of MG0414+0534 and Q2237+030,,http://admin.masterlens.org/citation.php?referenceID=315&,126,110
More et al. 2009 [MNRAS394(2009)174],The role of luminous substructure in the gravitational lens system MG 2016+112,,http://admin.masterlens.org/citation.php?referenceID=159&,126,111
Ostman et al. 2008 [A&A485(2008)403],Extinction properties of lensing galaxies,,http://admin.masterlens.org/citation.php?referenceID=456&,126,112
McKean et al. 2007 [MNRAS378(2007)109],High-resolution imaging of the anomalous flux ratio gravitational lens system CLASS B2045+265: dark or luminous satellites?,,http://admin.masterlens.org/citation.php?referenceID=100&,126,113
Saha et al. 2006 [ApJ653(2006)936],Gravitational Lensing Model Degeneracies: Is Steepness All-Important?,,http://admin.masterlens.org/citation.php?referenceID=203&,126,114
Saha et al. 2003 [AstronJ125(2003)2769],Qualitative Theory for Lensed QSOs,,http://admin.masterlens.org/citation.php?referenceID=482&,126,115
Winn et al. 2002 [ApJ564(2002)143],PMN J0134-0931: A Gravitationally Lensed Quasar with Unusual Radio Morphology,,http://admin.masterlens.org/citation.php?referenceID=254&,126,116
Augusto et al. 2001 [MNRAS326(2001)1007],B2114+022: a distant radio source gravitationally lensed by a starburst galaxy,,http://admin.masterlens.org/citation.php?referenceID=104&,126,117
Ros et al. 2000 [A&A362(2000)845],VLBI imaging of the gravitational lens MG J0414+0534,,http://admin.masterlens.org/citation.php?referenceID=314&,126,118
Kochanek et al. 2000 [ApJ543(2000)131],The Fundamental Plane of Gravitational Lens Galaxies and The Evolution of Early-Type Galaxies in Low-Density Environments,,http://admin.masterlens.org/citation.php?referenceID=302&,126,119
Kochanek et al. 2000 [ApJ535(2000)692],The Infrared Einstein Ring in the Gravitational Lens MG J1131+0456 and the Death of the Dusty Lens Hypothesis,,http://admin.masterlens.org/citation.php?referenceID=312&,126,120
Cohen et al. 2000 [ApJ545(2000)578],"Further Investigation of the Time Delay, Magnification Ratios, and Variability in the Gravitational Lens 0218+357",,http://admin.masterlens.org/citation.php?referenceID=126&,126,121
Tonry et al. 1999 [AstronJ117(1999)2034],Redshifts of the Gravitational Lenses MG 0414+0534 and MG 0751+2716,,http://admin.masterlens.org/citation.php?referenceID=248&,126,122
Fassnacht et al. 1999 [ApJ527(1999)498],A Determination of H_0 with the CLASS Gravitational Lens B1608+656. I. Time Delay Measurements with the VLA,,http://admin.masterlens.org/citation.php?referenceID=89&,126,123
Xanthopoulos et al. 1998 [MNRAS300(1998)649],The new gravitational lens system B1030+074,,http://admin.masterlens.org/citation.php?referenceID=105&,126,124
Jackson et al. 1998 [MNRAS296(1998)483],B0712+472: a new radio four-image gravitational lens,,http://admin.masterlens.org/citation.php?referenceID=75&,126,125
Crampton et al. 1998 [AstronJ115(1998)1383],Detection of the Galaxy Lensing the Doubly Imaged Quasar SBS 1520+530,,http://admin.masterlens.org/citation.php?referenceID=174&,126,126
King et al. 1998 [MNRAS295(1998)L41],A complete infrared Einstein ring in the gravitational lens system B1938 + 666,,http://admin.masterlens.org/citation.php?referenceID=110&,126,127
Lehar et al. 1997 [AstronJ114(1997)48],The Gravitationally Lensed Radio Source MG 0751+2716,,http://admin.masterlens.org/citation.php?referenceID=250&,126,128
King et al. 1997 [MNRAS289(1997)450],Multifrequency radio observations of the gravitational lens system 1938 + 666,,http://admin.masterlens.org/citation.php?referenceID=109&,126,129
Turner et al. 1989 [BAAS21(1989)718],MG0414+0534: A Candidate Gravitational Lens,Discovery Paper,http://admin.masterlens.org/citation.php?referenceID=257&,126,130
Fadely et al. 2012 [MNRAS419(2012)936],Substructure in the lens HE 0435-1223,,http://admin.masterlens.org/citation.php?referenceID=168&,127,131
Fadely et al. 2011 [AstronJ141(2011)101],Near-infrared K and L' Flux Ratios in Six Lensed Quasars,,http://admin.masterlens.org/citation.php?referenceID=756&,127,132
Courbin et al. 2011 [A&A536(2011)A53],"COSMOGRAIL:  the COSmological MOnitoring of GRAvItational Lenses. IX. Time delays, lens dynamics and baryonic fraction in HE 0435-1223",,http://admin.masterlens.org/citation.php?referenceID=167&,127,133
Mediavilla et al. 2009 [ApJ706(2009)1451],Microlensing-based Estimate of the Mass Fraction in Compact Objects in Lens Galaxies,,http://admin.masterlens.org/citation.php?referenceID=764&,127,134
Ostman et al. 2008 [A&A485(2008)403],Extinction properties of lensing galaxies,,http://admin.masterlens.org/citation.php?referenceID=456&,127,135
Eigenbrod et al. 2006 [A&A451(2006)759],COSMOGRAIL:  the COSmological MOnitoring of GRAvItational Lenses. III. Redshift of the lensing galaxy in eight gravitationally lensed quasars,,http://admin.masterlens.org/citation.php?referenceID=263&,127,136
Ofek et al. 2006 [ApJ641(2006)70],Spectroscopic Redshifts for Seven Lens Galaxies,,http://admin.masterlens.org/citation.php?referenceID=236&,127,137
Wisotzki et al. 2002 [A&A395(2002)17],HE 0435-1223: A wide separation quadruple QSO and gravitational lens,Discovery Paper,http://admin.masterlens.org/citation.php?referenceID=166&,127,138
Merten et al. 2011 [MNRAS417(2011)333],Creation of cosmic structure in the complex galaxy cluster merger Abell 2744,,http://admin.masterlens.org/citation.php?referenceID=2950&,128,139
Zitrin et al. 2011 [MNRAS410(2011)1939],Strong-lensing analysis of a complete sample of 12 MACS clusters at z > 0.5: mass models and Einstein radii,,http://admin.masterlens.org/citation.php?referenceID=289&,128,140
Coe et al. 2010 [ApJ723(2010)1678],A High-resolution Mass Map of Galaxy Cluster Substructure: LensPerfect Analysis of A1689,,http://admin.masterlens.org/citation.php?referenceID=2998&,128,141
Koester et al. 2010 [ApJL723(2010)L73],Two Lensed z=3 Lyman Break Galaxies Discovered in the SDSS Giant Arcs Survey,,http://admin.masterlens.org/citation.php?referenceID=219&,128,142
Gonzalez et al. 2009 [ApJ691(2009)525],A Multiply Imaged Luminous Infrared Galaxy Behind the Bullet Cluster (1E0657-56),,http://admin.masterlens.org/citation.php?referenceID=50&,128,143
Bradac et al. 2009 [ApJ706(2009)1201],Focusing Cosmic Telescopes: Exploring Redshift z ~ 5-6 Galaxies with the Bullet Cluster 1E0657 - 56,,http://admin.masterlens.org/citation.php?referenceID=51&,128,144
Bradac et al. 2008 [ApJ687(2008)959],Revealing the Properties of Dark Matter in the Merging Cluster MACS J0025.4-1222,,http://admin.masterlens.org/citation.php?referenceID=235&,128,145
Clowe et al. 2007 [NuPhS173(2007)28],Catching a bullet: direct evidence for the existence of dark matter,,http://admin.masterlens.org/citation.php?referenceID=47&,128,146
Bradac et al. 2006 [ApJ652(2006)937],Strong and Weak Lensing United. III. Measuring the Mass Distribution of the Merging Galaxy Cluster 1ES 0657-558,,http://admin.masterlens.org/citation.php?referenceID=53&,128,147
Markevitch et al. 2004 [ApJ606(2004)819],Direct Constraints on the Dark Matter Self-Interaction Cross Section from the Merging Galaxy Cluster 1E 0657-56,,http://admin.masterlens.org/citation.php?referenceID=52&,128,148
Mehlert et al. 2001 [A&A379(2001)96],Gravitationally lensed high redshift galaxies in the field of 1E0657-56,,http://admin.masterlens.org/citation.php?referenceID=49&,128,149
Tucker et al. 1995 [ApJ444(1995)532],A search for failed clusters of galaxies,Discovery Paper,http://admin.masterlens.org/citation.php?referenceID=48&,128,150
Auger et al. 2009 [ApJ705(2009)1099],"The Sloan Lens ACS Survey. IX. Colors, Lensing, and Stellar Masses of Early-Type Galaxies",,http://admin.masterlens.org/citation.php?referenceID=20&,129,151
Newton et al. 2009 [ApJ696(2009)1125],Enhanced Lensing Rate by Clustering of Massive Galaxies: Newly Discovered Systems in the Slacs Fields,,http://admin.masterlens.org/citation.php?referenceID=19&,129,152
Bolton et al. 2008 [ApJ682(2008)964],The Sloan Lens ACS Survey. V. The Full ACS Strong-Lens Sample,,http://admin.masterlens.org/citation.php?referenceID=229&,129,153
Bolton et al. 2006 [ApJ638(2006)703],The Sloan Lens ACS Survey. I. A Large Spectroscopically Selected Sample of Massive Early-Type Lens Galaxies,Discovery Paper,http://admin.masterlens.org/citation.php?referenceID=226&,129,154
Auger et al. 2009 [ApJ705(2009)1099],"The Sloan Lens ACS Survey. IX. Colors, Lensing, and Stellar Masses of Early-Type Galaxies",,http://admin.masterlens.org/citation.php?referenceID=20&,130,155
Newton et al. 2009 [ApJ696(2009)1125],Enhanced Lensing Rate by Clustering of Massive Galaxies: Newly Discovered Systems in the Slacs Fields,Discovery Paper,http://admin.masterlens.org/citation.php?referenceID=19&,130,156
Bolton et al. 2008 [ApJ682(2008)964],The Sloan Lens ACS Survey. V. The Full ACS Strong-Lens Sample,,http://admin.masterlens.org/citation.php?referenceID=229&,130,157
Bolton et al. 2006 [ApJ638(2006)703],The Sloan Lens ACS Survey. I. A Large Spectroscopically Selected Sample of Massive Early-Type Lens Galaxies,,http://admin.masterlens.org/citation.php?referenceID=226&,130,158
Brewer et al. 2012 [MNRAS422(2012)3574],The SWELLS survey - III. Disfavouring,,http://admin.masterlens.org/citation.php?referenceID=228&,131,159
Treu et al. 2011 [MNRAS417(2011)1601],The SWELLS survey - I. A large spectroscopically selected sample of edge-on late-type lens galaxies,,http://admin.masterlens.org/citation.php?referenceID=23&,131,160
Bolton et al. 2006 [ApJ638(2006)703],The Sloan Lens ACS Survey. I. A Large Spectroscopically Selected Sample of Massive Early-Type Lens Galaxies,Discovery Paper,http://admin.masterlens.org/citation.php?referenceID=226&,131,161
Patrick M. Ogle 2019 [http://arxiv.org/abs/1904.02806],"A  CATALOG OF THE MOST OPTICALLY LUMINOUS GALAXIES AT Z < 0.3: SUPER SPIRALS, SUPER LENTICULARS, SUPER POST-MERGERS, AND GIANT ELLIPTICALS",Discovery Paper,http://admin.masterlens.org/citation.php?referenceID=4330&,132,162
Pawase et al. 2012 [arXiv:1206.3412],A seven square degrees survey for galaxy-scale gravitational lenses with the HST imaging archive,Discovery Paper,http://admin.masterlens.org/citation.php?referenceID=3488&,133,163
More et al. 2012 [ApJ749(2012)38],The CFHTLS-Strong Lensing Legacy Survey (SL2S): Investigating the Group-scale Lenses with the SARCS Sample,,http://admin.masterlens.org/citation.php?referenceID=161&,134,164
Suyu et al. 2010 [A&A524(2010)A94],The halos of satellite galaxies: the companion of the massive elliptical lens SL2S J08544-0121,Discovery Paper,http://admin.masterlens.org/citation.php?referenceID=3291&,134,165
Inada et al. 2012 [AstronJ143(2012)119],The Sloan Digital Sky Survey Quasar Lens Search. V. Final Catalog from the Seventh Data Release,,http://admin.masterlens.org/citation.php?referenceID=295&,135,166
Mosquera et al. 2011 [ApJ738(2011)96],The Microlensing Properties of a Sample of 87 Lensed Quasars,,http://admin.masterlens.org/citation.php?referenceID=238&,135,167
Fassnacht et al. 2011 [MNRAS410(2011)2167],Galaxy number counts and implications for strong lensing,,http://admin.masterlens.org/citation.php?referenceID=582&,135,168
Schneider et al. 2010 [AstronJ139(2010)2360],The Sloan Digital Sky Survey Quasar Catalog. V. Seventh Data Release,,http://admin.masterlens.org/citation.php?referenceID=353&,135,169
Paraficz et al. 2009 [A&A499(2009)395],Results of optical monitoring of 5 SDSS double QSOs with the Nordic Optical Telescope,,http://admin.masterlens.org/citation.php?referenceID=499&,135,170
Ostman et al. 2008 [A&A485(2008)403],Extinction properties of lensing galaxies,,http://admin.masterlens.org/citation.php?referenceID=456&,135,171
Inada et al. 2008 [AstronJ135(2008)496],The Sloan Digital Sky Survey Quasar Lens Search. II. Statistical Lens Sample from the Third Data Release,,http://admin.masterlens.org/citation.php?referenceID=64&,135,172
Saha et al. 2006 [A&A450(2006)461],COSMOGRAIL: the COSmological MOnitoring of GRAvItational Lenses. IV. Models of prospective time-delay lenses,,http://admin.masterlens.org/citation.php?referenceID=517&,135,173
Oguri et al. 2005 [ApJ622(2005)106],Discovery of Two Gravitationally Lensed Quasars with Image Separations of 3,,http://admin.masterlens.org/citation.php?referenceID=60&,135,174
Johnston et al. 2003 [AstronJ126(2003)2281],SDSS J090334.92+502819.2: A New Gravitational Lens,Discovery Paper,http://admin.masterlens.org/citation.php?referenceID=58&,135,175
Sonnenfeld et al. 2013 [arXiv1307.4759],"The  SL2S Galaxy-scale Lens Sample. IV. The dependence of the total mass density profile of early-type galaxies on redshift, stellar mass, and size",,http://admin.masterlens.org/citation.php?referenceID=4316&,136,176
Sonnenfeld et al. 2013 [arXiv1307.4764],"The SL2S Galaxy-scale Lens Sample. III. Lens Models, Surface Photometry and Stellar Masses for the final sample",,http://admin.masterlens.org/citation.php?referenceID=4315&,136,177
More et al. 2012 [ApJ749(2012)38],The CFHTLS-Strong Lensing Legacy Survey (SL2S): Investigating the Group-scale Lenses with the SARCS Sample,Discovery Paper,http://admin.masterlens.org/citation.php?referenceID=161&,136,178
Zitrin et al. 2011 [MNRAS410(2011)1939],Strong-lensing analysis of a complete sample of 12 MACS clusters at z > 0.5: mass models and Einstein radii,,http://admin.masterlens.org/citation.php?referenceID=289&,137,179
Ebeling et al. 2007 [ApJL661(2007)L33],A Complete Sample of 12 Very X-Ray Luminous Galaxy Clusters at z > 0.5,Discovery Paper,http://admin.masterlens.org/citation.php?referenceID=287&,137,180
Inada et al. 2012 [AstronJ143(2012)119],The Sloan Digital Sky Survey Quasar Lens Search. V. Final Catalog from the Seventh Data Release,,http://admin.masterlens.org/citation.php?referenceID=295&,138,181
Mosquera et al. 2011 [ApJ738(2011)96],The Microlensing Properties of a Sample of 87 Lensed Quasars,,http://admin.masterlens.org/citation.php?referenceID=238&,138,182
Schneider et al. 2010 [AstronJ139(2010)2360],The Sloan Digital Sky Survey Quasar Catalog. V. Seventh Data Release,,http://admin.masterlens.org/citation.php?referenceID=353&,138,183
Paraficz et al. 2009 [A&A499(2009)395],Results of optical monitoring of 5 SDSS double QSOs with the Nordic Optical Telescope,,http://admin.masterlens.org/citation.php?referenceID=499&,138,184
Inada et al. 2008 [AstronJ135(2008)496],The Sloan Digital Sky Survey Quasar Lens Search. II. Statistical Lens Sample from the Third Data Release,,http://admin.masterlens.org/citation.php?referenceID=64&,138,185
Anguita 2008 [A&A481(2008)615],Integral field spectroscopy of four lensed quasars: analysis of their neighborhood and evidence for microlensing,,http://admin.masterlens.org/citation.php?referenceID=140&,138,186
Saha et al. 2006 [ApJL650(2006)L17],The Hubble Time Inferred from 10 Time Delay Lenses,,http://admin.masterlens.org/citation.php?referenceID=513&,138,187
Saha et al. 2006 [A&A450(2006)461],COSMOGRAIL: the COSmological MOnitoring of GRAvItational Lenses. IV. Models of prospective time-delay lenses,,http://admin.masterlens.org/citation.php?referenceID=517&,138,188
Trump et al. 2006 [ApJS165(2006)1],A Catalog of Broad Absorption Line Quasars from the Sloan Digital Sky Survey Third Data Release,,http://admin.masterlens.org/citation.php?referenceID=976&,138,189
Sluse et al. 2006 [A&A449(2006)539],Multi-wavelength study of the gravitational lens system RXS J113155.4-123155. I. Multi-epoch optical and near infrared imaging,,http://admin.masterlens.org/citation.php?referenceID=176&,138,190
Oguri et al. 2005 [ApJ622(2005)106],Discovery of Two Gravitationally Lensed Quasars with Image Separations of 3,,http://admin.masterlens.org/citation.php?referenceID=60&,138,191
Sand et al. 2005 [ApJ627(2005)32],A Systematic Search for Gravitationally Lensed Arcs in the Hubble Space Telescope WFPC2 Archive,,http://admin.masterlens.org/citation.php?referenceID=207&,138,192
York et al. 2005 [MNRAS357(2005)124],The Hubble constant from the gravitational lens CLASS B0218+357 using the Advanced Camera for Surveys,,http://admin.masterlens.org/citation.php?referenceID=134&,138,193
Saha et al. 2003 [AstronJ125(2003)2769],Qualitative Theory for Lensed QSOs,,http://admin.masterlens.org/citation.php?referenceID=482&,138,194
Koopmans et al. 2003 [ApJ599(2003)70],The Hubble Constant from the Gravitational Lens B1608+656,,http://admin.masterlens.org/citation.php?referenceID=92&,138,195
Fassnacht et al. 2002 [ApJ581(2002)823],A  Determination of H_0 with the CLASS Gravitational Lens B1608+656. III. A  Significant Improvement in the Precision of the Time Delay Measurements,,http://admin.masterlens.org/citation.php?referenceID=91&,138,196
Burud et al. 2002 [A&A391(2002)481],Time delay and lens redshift for the doubly imaged BAL quasar SBS 1520+530,,http://admin.masterlens.org/citation.php?referenceID=171&,138,197
Mu\ noz et al. 2001 [ApJ546(2001)769],Multifrequency Analysis of the New Wide-Separation Gravitational Lens Candidate RX J0921+4529,,http://admin.masterlens.org/citation.php?referenceID=245&,138,198
Kochanek et al. 2000 [ApJ543(2000)131],The Fundamental Plane of Gravitational Lens Galaxies and The Evolution of Early-Type Galaxies in Low-Density Environments,,http://admin.masterlens.org/citation.php?referenceID=302&,138,199
Hagen et al. 2000 [A&A357(2000)L29],HS 0818+1227: discovery of a new double gravitationally lensed QSO,,http://admin.masterlens.org/citation.php?referenceID=258&,138,200
Bade et al. 1997 [A&A317(1997)L13],RX J0911.4+0551: A new multiple QSO selected from the ROSAT All-Sky Survey.,Discovery Paper,http://admin.masterlens.org/citation.php?referenceID=261&,138,201
Auger et al. 2009 [ApJ705(2009)1099],"The Sloan Lens ACS Survey. IX. Colors, Lensing, and Stellar Masses of Early-Type Galaxies",,http://admin.masterlens.org/citation.php?referenceID=20&,139,202
Newton et al. 2009 [ApJ696(2009)1125],Enhanced Lensing Rate by Clustering of Massive Galaxies: Newly Discovered Systems in the Slacs Fields,,http://admin.masterlens.org/citation.php?referenceID=19&,139,203
Bolton et al. 2008 [ApJ682(2008)964],The Sloan Lens ACS Survey. V. The Full ACS Strong-Lens Sample,,http://admin.masterlens.org/citation.php?referenceID=229&,139,204
Bolton et al. 2006 [ApJ638(2006)703],The Sloan Lens ACS Survey. I. A Large Spectroscopically Selected Sample of Massive Early-Type Lens Galaxies,Discovery Paper,http://admin.masterlens.org/citation.php?referenceID=226&,139,205
Courbin et al. 2012 [A&A540(2012)A36],Three quasi-stellar objects acting as strong gravitational lenses,Discovery Paper,http://admin.masterlens.org/citation.php?referenceID=142&,140,206
Inada et al. 2012 [AstronJ143(2012)119],The Sloan Digital Sky Survey Quasar Lens Search. V. Final Catalog from the Seventh Data Release,,http://admin.masterlens.org/citation.php?referenceID=295&,141,207
Sluse et al. 2012 [A&A538(2012)A99],"COSMOGRAIL:  the COSmological MOnitoring of GRAvItational Lenses. X. Modeling based on high-precision astrometry of a sample of 25 lensed quasars: consequences for ellipticity, shear, and astrometric anomalies",,http://admin.masterlens.org/citation.php?referenceID=190&,141,208
Sluse et al. 2012 [A&A544(2012)A62],Microlensing of the broad line region in 17 lensed quasars,,http://admin.masterlens.org/citation.php?referenceID=297&,141,209
Chen et al. 2012 [ApJ755(2012)24],X-Ray Monitoring of Gravitational Lenses with Chandra,,http://admin.masterlens.org/citation.php?referenceID=4293&,141,210
Mosquera et al. 2011 [ApJ738(2011)96],The Microlensing Properties of a Sample of 87 Lensed Quasars,,http://admin.masterlens.org/citation.php?referenceID=238&,141,211
Blackburne et al. 2011 [ApJ729(2011)34],Sizes and Temperature Profiles of Quasar Accretion Disks from Chromatic Microlensing,,http://admin.masterlens.org/citation.php?referenceID=1001&,141,212
Fassnacht et al. 2011 [MNRAS410(2011)2167],Galaxy number counts and implications for strong lensing,,http://admin.masterlens.org/citation.php?referenceID=582&,141,213
Faure 2011 [A&A536(2011)29],VLT adaptive optics search for luminous substructures in the lens galaxy towards SDSS J0924+0219,,http://admin.masterlens.org/citation.php?referenceID=169&,141,214
Chantry et al. 2010 [A&A522(2010)A95],COSMOGRAIL:  the COSmological MOnitoring of GRAvItational Lenses. VIII. Deconvolution of high resolution near-IR images and simple mass models for 7 gravitationally lensed quasars,,http://admin.masterlens.org/citation.php?referenceID=239&,141,215
Schneider et al. 2010 [AstronJ139(2010)2360],The Sloan Digital Sky Survey Quasar Catalog. V. Seventh Data Release,,http://admin.masterlens.org/citation.php?referenceID=353&,141,216
Floyd et al. 2009 [MNRAS398(2009)233],The accretion disc in the quasar SDSS J0924+0219,,http://admin.masterlens.org/citation.php?referenceID=1653&,141,217
Mediavilla et al. 2009 [ApJ706(2009)1451],Microlensing-based Estimate of the Mass Fraction in Compact Objects in Lens Galaxies,,http://admin.masterlens.org/citation.php?referenceID=764&,141,218
Ostman et al. 2008 [A&A485(2008)403],Extinction properties of lensing galaxies,,http://admin.masterlens.org/citation.php?referenceID=456&,141,219
Inada et al. 2008 [AstronJ135(2008)496],The Sloan Digital Sky Survey Quasar Lens Search. II. Statistical Lens Sample from the Third Data Release,,http://admin.masterlens.org/citation.php?referenceID=64&,141,220
Morgan et al. 2008 [ApJ689(2008)755],X-Ray and Optical Microlensing in the Lensed Quasar PG 1115+080,,http://admin.masterlens.org/citation.php?referenceID=202&,141,221
Oguri et al. 2008 [MNRAS391(2008)1973],Mass models and environment of the new quadruply lensed quasar SDSS J1330+1810,,http://admin.masterlens.org/citation.php?referenceID=13&,141,222
Pooley et al. 2007 [ApJ661(2007)19],X-Ray and Optical Flux Ratio Anomalies in Quadruply Lensed Quasars. I. Zooming in on Quasar Emission Regions,,http://admin.masterlens.org/citation.php?referenceID=778&,141,223
Peng et al. 2006 [ApJ649(2006)616],Probing the Coevolution of Supermassive Black Holes and Galaxies Using Gravitationally Lensed Quasar Hosts,,http://admin.masterlens.org/citation.php?referenceID=397&,141,224
Saha et al. 2006 [A&A450(2006)461],COSMOGRAIL: the COSmological MOnitoring of GRAvItational Lenses. IV. Models of prospective time-delay lenses,,http://admin.masterlens.org/citation.php?referenceID=517&,141,225
Keeton et al. 2006 [ApJ639(2006)1],"Differential Microlensing of the Continuum and Broad Emission Lines in SDSS J0924+0219, the Most Anomalous Lensed Quasar",,http://admin.masterlens.org/citation.php?referenceID=2878&,141,226
Eigenbrod et al. 2006 [A&A451(2006)747],"COSMOGRAIL:  the COSmological MOnitoring of GRAvItational Lenses. II. SDSS J0924+0219: the redshift of the lensing galaxy, the quasar spectral variability and the Einstein rings",,http://admin.masterlens.org/citation.php?referenceID=264&,141,227
Morgan et al. 2006 [ApJ647(2006)874],Microlensing of the Lensed Quasar SDSS 0924+0219,,http://admin.masterlens.org/citation.php?referenceID=2877&,141,228
Ofek et al. 2006 [ApJ641(2006)70],Spectroscopic Redshifts for Seven Lens Galaxies,,http://admin.masterlens.org/citation.php?referenceID=236&,141,229
Inada et al. 2003 [AstronJ126(2003)666],SDSS J092455.87+021924.9: An Interesting Gravitationally Lensed Quasar from the Sloan Digital Sky Survey,Discovery Paper,http://admin.masterlens.org/citation.php?referenceID=59&,141,230
Sonnenfeld et al. 2012 [ApJ752(2012)163],Evidence for Dark Matter Contraction and a Salpeter Initial Mass Function in a Massive Early-type Galaxy,,http://admin.masterlens.org/citation.php?referenceID=232&,142,231
Vegetti et al. 2012 [Nat481(2012)341],Gravitational detection of a low-mass dark satellite galaxy at cosmological distance,,http://admin.masterlens.org/citation.php?referenceID=113&,142,232
Suyu et al. 2010 [ApJ711(2010)201],"Dissecting  the Gravitational lens B1608+656. II. Precision Measurements of the Hubble Constant, Spatial Curvature, and the Dark Energy Equation of State",,http://admin.masterlens.org/citation.php?referenceID=96&,142,233
Auger et al. 2009 [ApJ705(2009)1099],"The Sloan Lens ACS Survey. IX. Colors, Lensing, and Stellar Masses of Early-Type Galaxies",,http://admin.masterlens.org/citation.php?referenceID=20&,142,234
Newton et al. 2009 [ApJ696(2009)1125],Enhanced Lensing Rate by Clustering of Massive Galaxies: Newly Discovered Systems in the Slacs Fields,,http://admin.masterlens.org/citation.php?referenceID=19&,142,235
Tu 2009 [A&A501(2009)475],The  mass profile of early-type galaxies in overdense environments: the case  of the double source-plane gravitational lens SL2SJ02176-0513,,http://admin.masterlens.org/citation.php?referenceID=156&,142,236
Bolton et al. 2008 [ApJ682(2008)964],The Sloan Lens ACS Survey. V. The Full ACS Strong-Lens Sample,Discovery Paper,http://admin.masterlens.org/citation.php?referenceID=229&,142,237
Mosquera et al. 2011 [ApJ738(2011)96],The Microlensing Properties of a Sample of 87 Lensed Quasars,,http://admin.masterlens.org/citation.php?referenceID=238&,143,238
McGreer et al. 2010 [AstronJ140(2010)370],SDSS J094604.90+183541.8: A Gravitationally Lensed Quasar at z = 4.8,,http://admin.masterlens.org/citation.php?referenceID=22&,143,239
Riechers et al. 2008 [ApJ686(2008)851],A Molecular Einstein Ring at z = 4.12: Imaging the Dynamics of a Quasar Host Galaxy Through a Cosmic Lens,,http://admin.masterlens.org/citation.php?referenceID=309&,143,240
Ostman et al. 2008 [A&A485(2008)403],Extinction properties of lensing galaxies,,http://admin.masterlens.org/citation.php?referenceID=456&,143,241
Auger et al. 2007 [AstronJ134(2007)668],The Gravitational Lens-Galaxy Group Connection. II. Groups Associated with B2319+051 and B1600+434,,http://admin.masterlens.org/citation.php?referenceID=84&,143,242
Eigenbrod et al. 2007 [A&A465(2007)51],COSMOGRAIL:  the COSmological MOnitoring of GRAvItational Lenses. VI. Redshift of the lensing galaxy in seven gravitationally lensed quasars,,http://admin.masterlens.org/citation.php?referenceID=262&,143,243
Williams et al. 2006 [ApJ646(2006)85],First Results from a Photometric Survey of Strong Gravitational Lens Environments,,http://admin.masterlens.org/citation.php?referenceID=318&,143,244
Momcheva et al. 2006 [ApJ641(2006)169],A Spectroscopic Study of the Environments of Gravitational Lens Galaxies,,http://admin.masterlens.org/citation.php?referenceID=279&,143,245
Ofek et al. 2006 [ApJ641(2006)70],Spectroscopic Redshifts for Seven Lens Galaxies,,http://admin.masterlens.org/citation.php?referenceID=236&,143,246
Cox et al. 2002 [A&A387(2002)406],CO and Dust in PSS 2322+1944 at a redshift of 4.12,,http://admin.masterlens.org/citation.php?referenceID=290&,143,247
Kochanek et al. 2000 [ApJ543(2000)131],The Fundamental Plane of Gravitational Lens Galaxies and The Evolution of Early-Type Galaxies in Low-Density Environments,,http://admin.masterlens.org/citation.php?referenceID=302&,143,248
Kochanek et al. 2000 [ApJ535(2000)692],The Infrared Einstein Ring in the Gravitational Lens MG J1131+0456 and the Death of the Dusty Lens Hypothesis,Discovery Paper,http://admin.masterlens.org/citation.php?referenceID=312&,143,249
Leh'ar et al. 2000 [ApJ536(2000)584],Hubble Space Telescope Observations of 10 Two-Image Gravitational Lenses,Discovery Paper,http://admin.masterlens.org/citation.php?referenceID=242&,143,250
Orban de Xivry et al. 2009 [MNRAS399(2009)2],An atlas of predicted exotic gravitational lenses,,http://admin.masterlens.org/citation.php?referenceID=477&,144,251
Auger et al. 2009 [ApJ705(2009)1099],"The Sloan Lens ACS Survey. IX. Colors, Lensing, and Stellar Masses of Early-Type Galaxies",,http://admin.masterlens.org/citation.php?referenceID=20&,144,252
Newton et al. 2009 [ApJ696(2009)1125],Enhanced Lensing Rate by Clustering of Massive Galaxies: Newly Discovered Systems in the Slacs Fields,,http://admin.masterlens.org/citation.php?referenceID=19&,144,253
Bolton et al. 2008 [ApJ682(2008)964],The Sloan Lens ACS Survey. V. The Full ACS Strong-Lens Sample,,http://admin.masterlens.org/citation.php?referenceID=229&,144,254
Bolton et al. 2006 [ApJ638(2006)703],The Sloan Lens ACS Survey. I. A Large Spectroscopically Selected Sample of Massive Early-Type Lens Galaxies,Discovery Paper,http://admin.masterlens.org/citation.php?referenceID=226&,144,255
Sonnenfeld et al. 2013 [arXiv1307.4759],"The  SL2S Galaxy-scale Lens Sample. IV. The dependence of the total mass density profile of early-type galaxies on redshift, stellar mass, and size",,http://admin.masterlens.org/citation.php?referenceID=4316&,145,256
Sonnenfeld et al. 2013 [arXiv1307.4764],"The SL2S Galaxy-scale Lens Sample. III. Lens Models, Surface Photometry and Stellar Masses for the final sample",,http://admin.masterlens.org/citation.php?referenceID=4315&,145,257
Faure 2011 [A&A529(2011)72],On the evolution of environmental and mass properties of strong lens galaxies in COSMOS,,http://admin.masterlens.org/citation.php?referenceID=141&,145,258
Anguita et al. 2009 [A&A507(2009)35],COSMOS 5921+0638: characterization and analysis of a new strong gravitationally lensed AGN,,http://admin.masterlens.org/citation.php?referenceID=14&,145,259
Faure et al. 2008 [ApJS176(2008)19],First Catalog of Strong Lens Candidates in the COSMOS Field,Discovery Paper,http://admin.masterlens.org/citation.php?referenceID=139&,145,260
Auger et al. 2009 [ApJ705(2009)1099],"The Sloan Lens ACS Survey. IX. Colors, Lensing, and Stellar Masses of Early-Type Galaxies",,http://admin.masterlens.org/citation.php?referenceID=20&,146,261
Newton et al. 2009 [ApJ696(2009)1125],Enhanced Lensing Rate by Clustering of Massive Galaxies: Newly Discovered Systems in the Slacs Fields,,http://admin.masterlens.org/citation.php?referenceID=19&,146,262
Bolton et al. 2008 [ApJ682(2008)964],The Sloan Lens ACS Survey. V. The Full ACS Strong-Lens Sample,,http://admin.masterlens.org/citation.php?referenceID=229&,146,263
Bolton et al. 2006 [ApJ638(2006)703],The Sloan Lens ACS Survey. I. A Large Spectroscopically Selected Sample of Massive Early-Type Lens Galaxies,Discovery Paper,http://admin.masterlens.org/citation.php?referenceID=226&,146,264
Faure 2011 [A&A529(2011)72],On the evolution of environmental and mass properties of strong lens galaxies in COSMOS,,http://admin.masterlens.org/citation.php?referenceID=141&,147,265
Faure et al. 2008 [ApJS176(2008)19],First Catalog of Strong Lens Candidates in the COSMOS Field,Discovery Paper,http://admin.masterlens.org/citation.php?referenceID=139&,147,266
Inada et al. 2012 [AstronJ143(2012)119],The Sloan Digital Sky Survey Quasar Lens Search. V. Final Catalog from the Seventh Data Release,,http://admin.masterlens.org/citation.php?referenceID=295&,148,267
Mosquera et al. 2011 [ApJ738(2011)96],The Microlensing Properties of a Sample of 87 Lensed Quasars,,http://admin.masterlens.org/citation.php?referenceID=238&,148,268
Assef et al. 2011 [ApJ742(2011)93],Black Hole Mass Estimates Based on C IV are Consistent with Those Based on the Balmer Lines,,http://admin.masterlens.org/citation.php?referenceID=752&,148,269
Suyu et al. 2010 [ApJ711(2010)201],"Dissecting  the Gravitational lens B1608+656. II. Precision Measurements of the Hubble Constant, Spatial Curvature, and the Dark Energy Equation of State",,http://admin.masterlens.org/citation.php?referenceID=96&,148,270
Schneider et al. 2010 [AstronJ139(2010)2360],The Sloan Digital Sky Survey Quasar Catalog. V. Seventh Data Release,,http://admin.masterlens.org/citation.php?referenceID=353&,148,271
Oguri et al. 2010 [MNRAS405(2010)2579],Gravitationally lensed quasars and supernovae in future wide-field optical imaging surveys,,http://admin.masterlens.org/citation.php?referenceID=587&,148,272
Inada et al. 2010 [AstronJ140(2010)403],The Sloan Digital Sky Survey Quasar Lens Search. IV. Statistical Lens Sample from the Fifth Data Release,,http://admin.masterlens.org/citation.php?referenceID=974&,148,273
Tu 2009 [A&A501(2009)475],The  mass profile of early-type galaxies in overdense environments: the case  of the double source-plane gravitational lens SL2SJ02176-0513,,http://admin.masterlens.org/citation.php?referenceID=156&,148,274
Mediavilla et al. 2009 [ApJ706(2009)1451],Microlensing-based Estimate of the Mass Fraction in Compact Objects in Lens Galaxies,,http://admin.masterlens.org/citation.php?referenceID=764&,148,275
Inada et al. 2008 [AstronJ135(2008)496],The Sloan Digital Sky Survey Quasar Lens Search. II. Statistical Lens Sample from the Third Data Release,,http://admin.masterlens.org/citation.php?referenceID=64&,148,276
Moustakas et al. 2007 [ApJL660(2007)L31],A Strong-Lens Survey in AEGIS: The Influence of Large-Scale Structure,,http://admin.masterlens.org/citation.php?referenceID=144&,148,277
Alloin et al. 2007 [A&A470(2007)53],"Dust and molecular content of the lensed quasar, MG0751+2716, at z = 3.2",,http://admin.masterlens.org/citation.php?referenceID=247&,148,278
Saha et al. 2006 [ApJL650(2006)L17],The Hubble Time Inferred from 10 Time Delay Lenses,,http://admin.masterlens.org/citation.php?referenceID=513&,148,279
Saha et al. 2006 [A&A450(2006)461],COSMOGRAIL: the COSmological MOnitoring of GRAvItational Lenses. IV. Models of prospective time-delay lenses,,http://admin.masterlens.org/citation.php?referenceID=517&,148,280
Fassnacht et al. 2006 [ApJ642(2006)30],Mass along the Line of Sight to the Gravitational Lens B1608+656: Galaxy Groups and Implications for H_0,,http://admin.masterlens.org/citation.php?referenceID=93&,148,281
Hennawi et al. 2006 [AstronJ131(2006)1],Binary Quasars in the Sloan Digital Sky Survey: Evidence for Excess Clustering on Small Scales,,http://admin.masterlens.org/citation.php?referenceID=999&,148,282
Inada et al. 2006 [AstronJ131(2006)1934],SDSS J0806+2006 and SDSS J1353+1138: Two New Gravitationally Lensed Quasars from the Sloan Digital Sky Survey,,http://admin.masterlens.org/citation.php?referenceID=5&,148,283
Liesenborgs et al. 2006 [MNRAS367(2006)1209],A genetic algorithm for the non-parametric inversion of strong lensing systems,,http://admin.masterlens.org/citation.php?referenceID=2683&,148,284
Inada et al. 2005 [AstronJ130(2005)1967],SDSS J024634.11-082536.2: A New Gravitationally Lensed Quasar from the Sloan Digital Sky Survey,,http://admin.masterlens.org/citation.php?referenceID=3&,148,285
Oguri et al. 2005 [ApJ622(2005)106],Discovery of Two Gravitationally Lensed Quasars with Image Separations of 3,,http://admin.masterlens.org/citation.php?referenceID=60&,148,286
Sand et al. 2005 [ApJ627(2005)32],A Systematic Search for Gravitationally Lensed Arcs in the Hubble Space Telescope WFPC2 Archive,,http://admin.masterlens.org/citation.php?referenceID=207&,148,287
York et al. 2005 [MNRAS357(2005)124],The Hubble constant from the gravitational lens CLASS B0218+357 using the Advanced Camera for Surveys,,http://admin.masterlens.org/citation.php?referenceID=134&,148,288
Oguri et al. 2004 [ApJ605(2004)78],Observations and Theoretical Implications of the Large-Separation Lensed Quasar SDSS J1004+4112,,http://admin.masterlens.org/citation.php?referenceID=61&,148,289
Johnston et al. 2003 [AstronJ126(2003)2281],SDSS J090334.92+502819.2: A New Gravitational Lens,,http://admin.masterlens.org/citation.php?referenceID=58&,148,290
Koopmans et al. 2003 [ApJ599(2003)70],The Hubble Constant from the Gravitational Lens B1608+656,,http://admin.masterlens.org/citation.php?referenceID=92&,148,291
Winn et al. 2003 [ApJ587(2003)80],Investigation of the Possible Third Image and Mass Models of the Gravitational Lens PMN J1632-0033,,http://admin.masterlens.org/citation.php?referenceID=308&,148,292
Weymann et al. 1979 [ApJL233(1979)L43],"Multiple-mirror telescope observations of the twin QSOs 0957+561 A, B",Discovery Paper,http://admin.masterlens.org/citation.php?referenceID=151&,148,293
Inada et al. 2012 [AstronJ143(2012)119],The Sloan Digital Sky Survey Quasar Lens Search. V. Final Catalog from the Seventh Data Release,,http://admin.masterlens.org/citation.php?referenceID=295&,149,294
Chen et al. 2012 [ApJ755(2012)24],X-Ray Monitoring of Gravitational Lenses with Chandra,,http://admin.masterlens.org/citation.php?referenceID=4293&,149,295
Mosquera et al. 2011 [ApJ738(2011)96],The Microlensing Properties of a Sample of 87 Lensed Quasars,,http://admin.masterlens.org/citation.php?referenceID=238&,149,296
Jackson 2011 [ApJL739(2011)L28],The Faintest Radio Source Yet: Expanded Very Large Array Observations of the Gravitational Lens SDSS J1004+4112,,http://admin.masterlens.org/citation.php?referenceID=616&,149,297
Fassnacht et al. 2011 [MNRAS410(2011)2167],Galaxy number counts and implications for strong lensing,,http://admin.masterlens.org/citation.php?referenceID=582&,149,298
Oguri 2010 [PASJ62(2010)1017],The Mass Distribution of SDSS J1004+4112 Revisited,,http://admin.masterlens.org/citation.php?referenceID=983&,149,299
Liesenborgs et al. 2009 [MNRAS397(2009)341],Non-parametric strong lens inversion of SDSS J1004+4112,,http://admin.masterlens.org/citation.php?referenceID=985&,149,300
Mediavilla et al. 2009 [ApJ706(2009)1451],Microlensing-based Estimate of the Mass Fraction in Compact Objects in Lens Galaxies,,http://admin.masterlens.org/citation.php?referenceID=764&,149,301
Inada et al. 2008 [PASJ60(2008)L27],Spectroscopic Confirmation of the Fifth Image of SDSS J1004+4112 and Implications for the M_BH--σ_* Relation at z = 0.68,,http://admin.masterlens.org/citation.php?referenceID=2606&,149,302
Oguri et al. 2008 [ApJL676(2008)L1],The Third Image of the Large-Separation Lensed Quasar SDSS J1029+2623,,http://admin.masterlens.org/citation.php?referenceID=63&,149,303
Ostman et al. 2008 [A&A485(2008)403],Extinction properties of lensing galaxies,,http://admin.masterlens.org/citation.php?referenceID=456&,149,304
Inada et al. 2008 [AstronJ135(2008)496],The Sloan Digital Sky Survey Quasar Lens Search. II. Statistical Lens Sample from the Third Data Release,,http://admin.masterlens.org/citation.php?referenceID=64&,149,305
Fohlmeister et al. 2008 [ApJ676(2008)761],The Rewards of Patience: An 822 Day Time Delay in the Gravitational Lens SDSS J1004+4112,,http://admin.masterlens.org/citation.php?referenceID=2670&,149,306
Fohlmeister et al. 2007 [ApJ662(2007)62],A Time Delay for the Cluster-Lensed Quasar SDSS J1004+4112,,http://admin.masterlens.org/citation.php?referenceID=2673&,149,307
Saha et al. 2006 [ApJL652(2006)L5],Two Strong-Lensing Clusters Confront Universal Dark Matter Profiles,,http://admin.masterlens.org/citation.php?referenceID=2892&,149,308
G'omez-'Alvarez et al. 2006 [ApJL645(2006)L5],Recurrence of the Blue Wing Enhancements in the High-Ionization Lines of SDSS 1004+4112A,,http://admin.masterlens.org/citation.php?referenceID=2895&,149,309
Lamer et al. 2006 [A&A454(2006)493],Strange magnification pattern in the large separation lens SDSS J1004+4112 from optical to X-rays,,http://admin.masterlens.org/citation.php?referenceID=2894&,149,310
Ota et al. 2006 [ApJ647(2006)215],Chandra  Observations of SDSS J1004+4112: Constraints on the Lensing Cluster and  Anomalous X-Ray Flux Ratios of the Quadruply Imaged Quasar,,http://admin.masterlens.org/citation.php?referenceID=2893&,149,311
Inada et al. 2005 [PASJ57(2005)L7],Discovery of a Fifth Image of the Large Separation Gravitationally Lensed Quasar SDSS J1004+4112,,http://admin.masterlens.org/citation.php?referenceID=62&,149,312
Sharon et al. 2005 [ApJL629(2005)L73],Discovery of Multiply Imaged Galaxies behind the Cluster and Lensed Quasar SDSS J1004+4112,,http://admin.masterlens.org/citation.php?referenceID=2898&,149,313
Williams et al. 2004 [AstronJ128(2004)2631],Models of the Giant Quadruple Quasar SDSS J1004+4112,,http://admin.masterlens.org/citation.php?referenceID=806&,149,314
Richards et al. 2004 [ApJ610(2004)679],Microlensing of the Broad Emission Line Region in the Quadruple Lens SDSS J1004+4112,,http://admin.masterlens.org/citation.php?referenceID=1506&,149,315
Oguri et al. 2004 [ApJ605(2004)78],Observations and Theoretical Implications of the Large-Separation Lensed Quasar SDSS J1004+4112,,http://admin.masterlens.org/citation.php?referenceID=61&,149,316
Inada et al. 2003 [Nat426(2003)810],A gravitationally lensed quasar with quadruple images separated by 14.62arcseconds,Discovery Paper,http://admin.masterlens.org/citation.php?referenceID=65&,149,317
