ID,x_crit,y_crit,source_ID,z_source,z_lens,mag_source,ein_area,n_crit,r_source,crit_area,n_pix_source,source_flux,n_pix_lens,lens_flux,n_source_im,mag_eff,sb_contrast,color_diff,n_gal_3,n_gal_5,n_gal_10,halo_mass,star_mass,mag_lens,n_sources,img_path_H,img_path_J,img_path_VIS,img_path_Y
200001,3.46759e-07,1.38897e-07,5131,1.96,0.699792,22.0469,3.71477e-10,19,3.25974e-06,3.08874e-10,762,14601.0,3527,20197.0,2,2.35301,0.541646,1.03438,1,2,5,50468200000000.0,642601000000.0,20.2312,1,/home/viviane/BLF_training/Images/EUC_H/imageEUC_H-200001.fits,/home/viviane/BLF_training/Images/EUC_J/imageEUC_J-200001.fits,/home/viviane/BLF_training/Images/EUC_VIS/imageEUC_VIS-200001.fits,/home/viviane/BLF_training/Images/EUC_Y/imageEUC_Y-200001.fits
200002,2.44065e-07,-2.12804e-07,7183,1.96,0.522781,25.4845,5.67731e-10,12,3.09752e-06,5.054969999999999e-10,259,679.5239999999999,6612,44497.0,2,3.62894,1.3752,2.04657,0,0,4,102746000000000.0,819223000000.0,18.9784,1,/home/viviane/BLF_training/Images/EUC_H/imageEUC_H-200002.fits,/home/viviane/BLF_training/Images/EUC_J/imageEUC_J-200002.fits,/home/viviane/BLF_training/Images/EUC_VIS/imageEUC_VIS-200002.fits,/home/viviane/BLF_training/Images/EUC_Y/imageEUC_Y-200002.fits
200003,4.08634e-07,2.5566500000000003e-07,4746,2.1,0.684567,25.4078,1.85778e-09,41,1.69166e-05,1.52376e-09,0,0.0,7465,0.0,0,,-1.0000000000000007e+130,1.25909,2,2,10,410504000000000.0,1151740000000.0,19.2772,0,/home/viviane/BLF_training/Images/EUC_H/imageEUC_H-200003.fits,/home/viviane/BLF_training/Images/EUC_J/imageEUC_J-200003.fits,/home/viviane/BLF_training/Images/EUC_VIS/imageEUC_VIS-200003.fits,/home/viviane/BLF_training/Images/EUC_Y/imageEUC_Y-200003.fits
200004,7.58489e-08,-1.60064e-08,4426,1.93,0.5400550000000001,25.6997,7.30772e-10,24,1.5060899999999997e-05,4.14433e-10,89,268.379,12812,72570.2,1,3.03859,0.357194,1.89433,1,4,9,172991000000000.0,449719000000.0,19.1146,1,/home/viviane/BLF_training/Images/EUC_H/imageEUC_H-200004.fits,/home/viviane/BLF_training/Images/EUC_J/imageEUC_J-200004.fits,/home/viviane/BLF_training/Images/EUC_VIS/imageEUC_VIS-200004.fits,/home/viviane/BLF_training/Images/EUC_Y/imageEUC_Y-200004.fits
200005,2.98005e-07,3.11475e-07,3389,2.62,0.734329,26.0315,6.98286e-10,23,6.09568e-06,5.0463e-10,65,214.805,2869,22816.8,2,1.62523,0.8474200000000001,1.32121,1,3,9,75077400000000.0,819442000000.0,20.3108,1,/home/viviane/BLF_training/Images/EUC_H/imageEUC_H-200005.fits,/home/viviane/BLF_training/Images/EUC_J/imageEUC_J-200005.fits,/home/viviane/BLF_training/Images/EUC_VIS/imageEUC_VIS-200005.fits,/home/viviane/BLF_training/Images/EUC_Y/imageEUC_Y-200005.fits
200006,-1.45678e-08,-7.64116e-08,5124,2.0,0.790693,26.3329,9.27313e-10,22,9.22389e-06,8.323849999999999e-10,59,166.512,4709,20950.0,1,3.86767,0.133062,1.49699,2,6,9,105119000000000.0,733020000000.0,20.6379,1,/home/viviane/BLF_training/Images/EUC_H/imageEUC_H-200006.fits,/home/viviane/BLF_training/Images/EUC_J/imageEUC_J-200006.fits,/home/viviane/BLF_training/Images/EUC_VIS/imageEUC_VIS-200006.fits,/home/viviane/BLF_training/Images/EUC_Y/imageEUC_Y-200006.fits
200007,-3.71286e-07,-1.08547e-07,9337,3.46,1.85912,27.3229,1.77679e-10,18,1.84256e-06,8.46738e-11,63,103.612,1411,8037.46,2,4.3091800000000005,0.220743,2.30817,0,3,3,52271900000000.0,555078000000.0,24.4161,1,/home/viviane/BLF_training/Images/EUC_H/imageEUC_H-200007.fits,/home/viviane/BLF_training/Images/EUC_J/imageEUC_J-200007.fits,/home/viviane/BLF_training/Images/EUC_VIS/imageEUC_VIS-200007.fits,/home/viviane/BLF_training/Images/EUC_Y/imageEUC_Y-200007.fits
200008,1.60905e-07,3.99219e-07,7681,2.21,0.512468,24.633000000000006,3.25265e-10,11,3.13147e-06,2.81324e-10,0,0.0,6078,0.0,0,,-1.0000000000000007e+130,1.83565,2,2,7,70744200000000.0,387034000000.0,19.5059,0,/home/viviane/BLF_training/Images/EUC_H/imageEUC_H-200008.fits,/home/viviane/BLF_training/Images/EUC_J/imageEUC_J-200008.fits,/home/viviane/BLF_training/Images/EUC_VIS/imageEUC_VIS-200008.fits,/home/viviane/BLF_training/Images/EUC_Y/imageEUC_Y-200008.fits
200009,-1.10345e-07,-2.2547e-07,8805,2.47,0.888602,24.7735,7.813010000000001e-10,31,1.3318e-05,4.0828e-10,74,495.463,4870,19103.7,2,1.37693,0.587676,2.71048,0,2,8,39023300000000.0,997882000000.0,20.7799,1,/home/viviane/BLF_training/Images/EUC_H/imageEUC_H-200009.fits,/home/viviane/BLF_training/Images/EUC_J/imageEUC_J-200009.fits,/home/viviane/BLF_training/Images/EUC_VIS/imageEUC_VIS-200009.fits,/home/viviane/BLF_training/Images/EUC_Y/imageEUC_Y-200009.fits
200010,1.01535e-07,-2.1964000000000005e-07,6773,3.56,0.801307,27.8273,3.2142000000000006e-10,16,5.17549e-06,2.84723e-10,12,19.332,1067,9608.61,1,1.96916,0.134305,0.954559,0,0,2,37705100000000.0,652492000000.0,20.8183,1,/home/viviane/BLF_training/Images/EUC_H/imageEUC_H-200010.fits,/home/viviane/BLF_training/Images/EUC_J/imageEUC_J-200010.fits,/home/viviane/BLF_training/Images/EUC_VIS/imageEUC_VIS-200010.fits,/home/viviane/BLF_training/Images/EUC_Y/imageEUC_Y-200010.fits
200011,1.26393e-07,-3.2796e-08,1700,3.58,1.22429,24.9545,3.2086200000000003e-10,26,5.240209999999998e-06,2.38573e-10,104,444.761,1131,3349.31,1,2.71752,0.0151425,2.32933,1,2,8,40026600000000.0,637592000000.0,22.9582,1,/home/viviane/BLF_training/Images/EUC_H/imageEUC_H-200011.fits,/home/viviane/BLF_training/Images/EUC_J/imageEUC_J-200011.fits,/home/viviane/BLF_training/Images/EUC_VIS/imageEUC_VIS-200011.fits,/home/viviane/BLF_training/Images/EUC_Y/imageEUC_Y-200011.fits
200012,-3.93758e-07,-2.51081e-07,5233,1.99,0.908923,25.9,4.21699e-10,16,3.26723e-05,4.04531e-10,0,0.0,836,4623.83,0,,-1.0000000000000007e+130,1.10353,1,5,6,112777000000000.0,326148000000.0,21.5684,1,/home/viviane/BLF_training/Images/EUC_H/imageEUC_H-200012.fits,/home/viviane/BLF_training/Images/EUC_J/imageEUC_J-200012.fits,/home/viviane/BLF_training/Images/EUC_VIS/imageEUC_VIS-200012.fits,/home/viviane/BLF_training/Images/EUC_Y/imageEUC_Y-200012.fits
200013,-8.77782e-08,-2.34985e-07,9430,2.7,1.14464,27.8937,4.24856e-10,20,9.86487e-06,1.80381e-10,15,21.2475,1412,5895.88,1,1.90499,0.017923500000000002,1.83857,1,3,9,47346100000000.0,605189000000.0,22.169,1,/home/viviane/BLF_training/Images/EUC_H/imageEUC_H-200013.fits,/home/viviane/BLF_training/Images/EUC_J/imageEUC_J-200013.fits,/home/viviane/BLF_training/Images/EUC_VIS/imageEUC_VIS-200013.fits,/home/viviane/BLF_training/Images/EUC_Y/imageEUC_Y-200013.fits
200014,3.43405e-07,-1.90873e-07,1424,2.92,1.00987,27.9504,4.14073e-10,15,2.29735e-05,3.92209e-10,0,0.0,2405,0.0,0,,-1.0000000000000007e+130,1.83814,4,6,9,25546400000000.0,520042000000.0,21.8662,0,/home/viviane/BLF_training/Images/EUC_H/imageEUC_H-200014.fits,/home/viviane/BLF_training/Images/EUC_J/imageEUC_J-200014.fits,/home/viviane/BLF_training/Images/EUC_VIS/imageEUC_VIS-200014.fits,/home/viviane/BLF_training/Images/EUC_Y/imageEUC_Y-200014.fits
200015,3.1668000000000005e-07,1.01148e-07,7224,3.59,1.14411,27.6128,3.7618300000000006e-10,20,5.83877e-06,2.92449e-10,14,26.6187,6214,30999.8,1,3.35377,0.07027219999999999,2.09192,0,1,6,40460800000000.0,724787000000.0,22.3089,1,/home/viviane/BLF_training/Images/EUC_H/imageEUC_H-200015.fits,/home/viviane/BLF_training/Images/EUC_J/imageEUC_J-200015.fits,/home/viviane/BLF_training/Images/EUC_VIS/imageEUC_VIS-200015.fits,/home/viviane/BLF_training/Images/EUC_Y/imageEUC_Y-200015.fits
200016,-1.26637e-07,-1.1305e-07,2311,2.73,0.684567,27.952,1.96207e-09,45,2.07708e-06,1.80038e-09,0,0.0,6209,0.0,0,,-1.0000000000000007e+130,2.14121,2,4,7,410504000000000.0,1151740000000.0,19.287,0,/home/viviane/BLF_training/Images/EUC_H/imageEUC_H-200016.fits,/home/viviane/BLF_training/Images/EUC_J/imageEUC_J-200016.fits,/home/viviane/BLF_training/Images/EUC_VIS/imageEUC_VIS-200016.fits,/home/viviane/BLF_training/Images/EUC_Y/imageEUC_Y-200016.fits
200017,1.77207e-07,3.07057e-07,637,3.3,0.679603,27.242,2.0069e-10,12,6.26682e-06,2.15587e-10,13,17.2705,4512,17591.4,1,2.72059,0.588958,2.28918,1,2,3,71818500000000.0,634063000000.0,20.0968,1,/home/viviane/BLF_training/Images/EUC_H/imageEUC_H-200017.fits,/home/viviane/BLF_training/Images/EUC_J/imageEUC_J-200017.fits,/home/viviane/BLF_training/Images/EUC_VIS/imageEUC_VIS-200017.fits,/home/viviane/BLF_training/Images/EUC_Y/imageEUC_Y-200017.fits
200018,-1.48315e-07,5.50085e-08,3335,2.28,0.624239,26.3422,4.0032e-10,17,2.27353e-06,2.419e-10,110,287.254,3575,25243.8,3,4.18645,0.362822,1.70206,0,2,7,61522000000000.0,443581000000.0,20.1267,1,/home/viviane/BLF_training/Images/EUC_H/imageEUC_H-200018.fits,/home/viviane/BLF_training/Images/EUC_J/imageEUC_J-200018.fits,/home/viviane/BLF_training/Images/EUC_VIS/imageEUC_VIS-200018.fits,/home/viviane/BLF_training/Images/EUC_Y/imageEUC_Y-200018.fits
200019,3.5814e-07,2.5133e-07,841,2.67,1.10133,27.775,8.123960000000001e-10,26,1.80655e-05,5.798009999999999e-10,8,11.0063,2009,13185.2,1,1.94444,0.00181555,2.78925,2,5,9,107683000000000.0,913438000000.0,21.9793,1,/home/viviane/BLF_training/Images/EUC_H/imageEUC_H-200019.fits,/home/viviane/BLF_training/Images/EUC_J/imageEUC_J-200019.fits,/home/viviane/BLF_training/Images/EUC_VIS/imageEUC_VIS-200019.fits,/home/viviane/BLF_training/Images/EUC_Y/imageEUC_Y-200019.fits
200020,1.97727e-07,2.33812e-07,1843,2.33,0.684567,27.1047,1.86907e-09,35,2.00991e-05,1.5646099999999998e-09,0,0.0,6628,47440.5,0,,-1.0000000000000007e+130,1.27002,2,2,11,410504000000000.0,1151740000000.0,19.2821,1,/home/viviane/BLF_training/Images/EUC_H/imageEUC_H-200020.fits,/home/viviane/BLF_training/Images/EUC_J/imageEUC_J-200020.fits,/home/viviane/BLF_training/Images/EUC_VIS/imageEUC_VIS-200020.fits,/home/viviane/BLF_training/Images/EUC_Y/imageEUC_Y-200020.fits
200021,-3.98793e-07,1.81338e-07,3042,2.38,0.684567,27.0964,1.5668800000000005e-09,34,1.18822e-06,1.48282e-09,2636,28705.9,4303,32861.2,2,17.9351,0.114293,1.51279,2,2,5,410504000000000.0,1151740000000.0,19.2821,1,/home/viviane/BLF_training/Images/EUC_H/imageEUC_H-200021.fits,/home/viviane/BLF_training/Images/EUC_J/imageEUC_J-200021.fits,/home/viviane/BLF_training/Images/EUC_VIS/imageEUC_VIS-200021.fits,/home/viviane/BLF_training/Images/EUC_Y/imageEUC_Y-200021.fits
200022,5.15152e-08,4.54928e-07,4035,2.75,1.10868,22.8047,5.10224e-10,22,8.802410000000001e-06,4.44301e-10,324,6765.72,1207,2958.45,1,4.98695,0.00526439,2.1194900000000003,2,3,6,150998000000000.0,866124000000.0,21.9292,1,/home/viviane/BLF_training/Images/EUC_H/imageEUC_H-200022.fits,/home/viviane/BLF_training/Images/EUC_J/imageEUC_J-200022.fits,/home/viviane/BLF_training/Images/EUC_VIS/imageEUC_VIS-200022.fits,/home/viviane/BLF_training/Images/EUC_Y/imageEUC_Y-200022.fits
200023,-1.2735300000000002e-07,-4.22897e-07,2170,1.95,0.4622060000000001,25.774,1.68076e-09,20,1.45098e-05,1.62347e-09,68,151.048,11425,74839.4,1,2.42528,0.193049,1.953,1,3,7,74218700000000.0,2741640000000.0,18.5498,1,/home/viviane/BLF_training/Images/EUC_H/imageEUC_H-200023.fits,/home/viviane/BLF_training/Images/EUC_J/imageEUC_J-200023.fits,/home/viviane/BLF_training/Images/EUC_VIS/imageEUC_VIS-200023.fits,/home/viviane/BLF_training/Images/EUC_Y/imageEUC_Y-200023.fits
200024,2.48111e-07,7.93533e-08,8169,2.77,0.684567,27.4487,1.88942e-09,33,1.00278e-05,1.7916700000000003e-09,30,59.2478,3854,32244.3,2,1.1768299999999998,0.384268,1.27002,2,3,6,410504000000000.0,1151740000000.0,19.2821,1,/home/viviane/BLF_training/Images/EUC_H/imageEUC_H-200024.fits,/home/viviane/BLF_training/Images/EUC_J/imageEUC_J-200024.fits,/home/viviane/BLF_training/Images/EUC_VIS/imageEUC_VIS-200024.fits,/home/viviane/BLF_training/Images/EUC_Y/imageEUC_Y-200024.fits
200025,-2.87548e-07,8.577639999999998e-08,5837,2.25,0.684567,26.5114,1.63956e-09,39,1.06419e-05,1.46805e-09,93,171.415,5281,33487.6,2,1.83766,0.259264,2.27625,3,4,8,410504000000000.0,1151740000000.0,19.2819,1,/home/viviane/BLF_training/Images/EUC_H/imageEUC_H-200025.fits,/home/viviane/BLF_training/Images/EUC_J/imageEUC_J-200025.fits,/home/viviane/BLF_training/Images/EUC_VIS/imageEUC_VIS-200025.fits,/home/viviane/BLF_training/Images/EUC_Y/imageEUC_Y-200025.fits
200026,3.50811e-07,5.09647e-08,5139,2.57,1.86574,26.2541,9.35644e-11,17,7.22135e-07,4.19528e-11,139,415.212,5152,21216.1,3,2.57185,6.8061,1.61531,0,1,7,21136200000000.0,371860000000.0,24.467,1,/home/viviane/BLF_training/Images/EUC_H/imageEUC_H-200026.fits,/home/viviane/BLF_training/Images/EUC_J/imageEUC_J-200026.fits,/home/viviane/BLF_training/Images/EUC_VIS/imageEUC_VIS-200026.fits,/home/viviane/BLF_training/Images/EUC_Y/imageEUC_Y-200026.fits
200027,-4.36087e-07,-1.26046e-08,5801,2.5,0.5419149999999999,27.835,1.47234e-10,11,6.36892e-07,1.31042e-10,70,114.745,2994,11585.9,3,9.62333,2.58593,1.85683,0,1,1,20539300000000.0,260830000000.0,20.1227,1,/home/viviane/BLF_training/Images/EUC_H/imageEUC_H-200027.fits,/home/viviane/BLF_training/Images/EUC_J/imageEUC_J-200027.fits,/home/viviane/BLF_training/Images/EUC_VIS/imageEUC_VIS-200027.fits,/home/viviane/BLF_training/Images/EUC_Y/imageEUC_Y-200027.fits
200028,3.13879e-07,-2.42099e-07,2963,1.94,0.36258,26.4215,1.23645e-09,18,3.00193e-06,1.24097e-09,163,527.297,11426,123799.0,2,6.15991,2.78051,2.35723,1,3,6,351327000000000.0,981882000000.0,17.8443,1,/home/viviane/BLF_training/Images/EUC_H/imageEUC_H-200028.fits,/home/viviane/BLF_training/Images/EUC_J/imageEUC_J-200028.fits,/home/viviane/BLF_training/Images/EUC_VIS/imageEUC_VIS-200028.fits,/home/viviane/BLF_training/Images/EUC_Y/imageEUC_Y-200028.fits
200029,1.35921e-07,2.43605e-07,9403,2.25,0.727126,27.4638,6.318890000000001e-10,16,1.7335900000000004e-06,5.286319999999999e-10,60,95.0475,3253,15478.1,3,5.79429,0.683288,1.42163,0,0,4,137407000000000.0,922646000000.0,20.1753,1,/home/viviane/BLF_training/Images/EUC_H/imageEUC_H-200029.fits,/home/viviane/BLF_training/Images/EUC_J/imageEUC_J-200029.fits,/home/viviane/BLF_training/Images/EUC_VIS/imageEUC_VIS-200029.fits,/home/viviane/BLF_training/Images/EUC_Y/imageEUC_Y-200029.fits
200030,-2.76536e-08,-4.53256e-07,6029,2.13,0.684567,27.2598,1.96766e-09,34,3.9505e-05,1.72644e-09,0,0.0,8105,61641.8,0,,-1.0000000000000007e+130,1.28081,2,2,9,410504000000000.0,1151740000000.0,19.2893,1,/home/viviane/BLF_training/Images/EUC_H/imageEUC_H-200030.fits,/home/viviane/BLF_training/Images/EUC_J/imageEUC_J-200030.fits,/home/viviane/BLF_training/Images/EUC_VIS/imageEUC_VIS-200030.fits,/home/viviane/BLF_training/Images/EUC_Y/imageEUC_Y-200030.fits
200031,-1.91481e-07,1.29612e-07,5127,2.29,0.684567,25.4576,1.69381e-09,35,1.27394e-05,1.46359e-09,76,420.316,5181,40124.3,2,1.76907,0.6016739999999999,0.718958,2,3,7,410504000000000.0,1151740000000.0,19.2821,1,/home/viviane/BLF_training/Images/EUC_H/imageEUC_H-200031.fits,/home/viviane/BLF_training/Images/EUC_J/imageEUC_J-200031.fits,/home/viviane/BLF_training/Images/EUC_VIS/imageEUC_VIS-200031.fits,/home/viviane/BLF_training/Images/EUC_Y/imageEUC_Y-200031.fits
200032,8.000450000000001e-08,-4.31487e-07,2249,1.94,0.645913,25.971,4.59452e-10,16,1.28354e-05,3.96884e-10,40,90.7488,4397,23983.8,2,1.13712,0.08053610000000001,1.22044,1,2,8,63480200000000.0,454487000000.0,20.0439,1,/home/viviane/BLF_training/Images/EUC_H/imageEUC_H-200032.fits,/home/viviane/BLF_training/Images/EUC_J/imageEUC_J-200032.fits,/home/viviane/BLF_training/Images/EUC_VIS/imageEUC_VIS-200032.fits,/home/viviane/BLF_training/Images/EUC_Y/imageEUC_Y-200032.fits
200033,2.39347e-07,-5.57054e-08,9099,1.76,1.11596,26.2895,6.33688e-10,33,1.22835e-05,4.0433e-10,63,99.3445,1684,7118.33,2,2.90365,0.117387,1.7951700000000002,3,4,12,96007700000000.0,814757000000.0,22.0476,1,/home/viviane/BLF_training/Images/EUC_H/imageEUC_H-200033.fits,/home/viviane/BLF_training/Images/EUC_J/imageEUC_J-200033.fits,/home/viviane/BLF_training/Images/EUC_VIS/imageEUC_VIS-200033.fits,/home/viviane/BLF_training/Images/EUC_Y/imageEUC_Y-200033.fits
200034,3.07918e-07,1.26676e-07,5920,1.95,0.977973,27.5338,1.60136e-09,29,9.707e-06,7.195839999999999e-10,26,31.3208,9285,143659.0,1,2.99938,4.02346,1.59925,2,5,15,80336000000000.0,869687000000.0,21.1866,1,/home/viviane/BLF_training/Images/EUC_H/imageEUC_H-200034.fits,/home/viviane/BLF_training/Images/EUC_J/imageEUC_J-200034.fits,/home/viviane/BLF_training/Images/EUC_VIS/imageEUC_VIS-200034.fits,/home/viviane/BLF_training/Images/EUC_Y/imageEUC_Y-200034.fits
200035,-7.829110000000001e-08,-1.7156199999999998e-07,1688,2.3,0.618023,27.1737,2.6686e-10,19,3.42754e-06,2.06143e-10,62,119.632,10783,47993.8,2,5.01084,3.52939,1.22092,1,2,7,53039000000000.0,491827000000.0,19.8407,1,/home/viviane/BLF_training/Images/EUC_H/imageEUC_H-200035.fits,/home/viviane/BLF_training/Images/EUC_J/imageEUC_J-200035.fits,/home/viviane/BLF_training/Images/EUC_VIS/imageEUC_VIS-200035.fits,/home/viviane/BLF_training/Images/EUC_Y/imageEUC_Y-200035.fits
200036,-1.4884e-07,2.89074e-07,1763,3.66,0.82176,25.3173,6.19622e-10,29,5.44601e-06,3.53233e-10,81,397.11300000000006,4105,15327.0,2,1.69752,0.298243,1.05042,0,2,6,37513600000000.0,619384000000.0,21.1014,1,/home/viviane/BLF_training/Images/EUC_H/imageEUC_H-200036.fits,/home/viviane/BLF_training/Images/EUC_J/imageEUC_J-200036.fits,/home/viviane/BLF_training/Images/EUC_VIS/imageEUC_VIS-200036.fits,/home/viviane/BLF_training/Images/EUC_Y/imageEUC_Y-200036.fits
200037,-2.63872e-07,-1.35249e-08,1955,2.0,0.38797,27.56,2.36805e-10,10,3.33889e-06,1.99512e-10,0,0.0,3828,47918.2,0,2.78727,-1.0000000000000007e+130,2.10628,0,0,3,62880100000000.0,267050000000.0,18.8505,1,/home/viviane/BLF_training/Images/EUC_H/imageEUC_H-200037.fits,/home/viviane/BLF_training/Images/EUC_J/imageEUC_J-200037.fits,/home/viviane/BLF_training/Images/EUC_VIS/imageEUC_VIS-200037.fits,/home/viviane/BLF_training/Images/EUC_Y/imageEUC_Y-200037.fits
200038,-3.15356e-07,2.05499e-07,5387,3.77,1.32305,26.2053,5.66251e-10,34,6.12565e-06,3.84786e-10,216,372.8730000000001,1955,6840.7,4,0.46361,0.016525,1.78108,2,5,11,49172700000000.0,631401000000.0,22.8303,1,/home/viviane/BLF_training/Images/EUC_H/imageEUC_H-200038.fits,/home/viviane/BLF_training/Images/EUC_J/imageEUC_J-200038.fits,/home/viviane/BLF_training/Images/EUC_VIS/imageEUC_VIS-200038.fits,/home/viviane/BLF_training/Images/EUC_Y/imageEUC_Y-200038.fits
200039,1.14105e-07,5.32133e-08,5330,1.93,0.684567,26.9077,1.62604e-09,31,1.2314e-06,1.2908e-09,0,0.0,6693,0.0,0,,-1.0000000000000007e+130,1.80333,1,4,8,410504000000000.0,1151740000000.0,19.2821,0,/home/viviane/BLF_training/Images/EUC_H/imageEUC_H-200039.fits,/home/viviane/BLF_training/Images/EUC_J/imageEUC_J-200039.fits,/home/viviane/BLF_training/Images/EUC_VIS/imageEUC_VIS-200039.fits,/home/viviane/BLF_training/Images/EUC_Y/imageEUC_Y-200039.fits
200040,2.70309e-07,2.44593e-07,6318,1.94,0.89643,27.0267,7.86693e-10,23,8.74533e-06,6.70275e-10,30,46.7784,2778,11436.5,1,2.2741,0.100411,2.48799,0,1,2,121996000000000.0,1489410000000.0,20.4911,1,/home/viviane/BLF_training/Images/EUC_H/imageEUC_H-200040.fits,/home/viviane/BLF_training/Images/EUC_J/imageEUC_J-200040.fits,/home/viviane/BLF_training/Images/EUC_VIS/imageEUC_VIS-200040.fits,/home/viviane/BLF_training/Images/EUC_Y/imageEUC_Y-200040.fits
200041,-1.5843e-07,-2.0968000000000004e-07,4829,1.99,0.593334,26.948,4.61077e-10,12,5.14946e-06,4.30877e-10,31,50.359,4311,28759.0,2,1.86726,1.28449,0.946418,1,1,5,68043900000000.0,838898000000.0,19.4238,1,/home/viviane/BLF_training/Images/EUC_H/imageEUC_H-200041.fits,/home/viviane/BLF_training/Images/EUC_J/imageEUC_J-200041.fits,/home/viviane/BLF_training/Images/EUC_VIS/imageEUC_VIS-200041.fits,/home/viviane/BLF_training/Images/EUC_Y/imageEUC_Y-200041.fits
200042,-2.12567e-07,-2.25951e-07,1711,1.72,0.893904,27.8267,8.80465e-10,22,6.752360000000001e-06,7.345080000000001e-10,31,34.9841,2011,19300.5,3,6.2503,0.0931904,2.33904,0,1,4,131603000000000.0,1292890000000.0,21.6061,1,/home/viviane/BLF_training/Images/EUC_H/imageEUC_H-200042.fits,/home/viviane/BLF_training/Images/EUC_J/imageEUC_J-200042.fits,/home/viviane/BLF_training/Images/EUC_VIS/imageEUC_VIS-200042.fits,/home/viviane/BLF_training/Images/EUC_Y/imageEUC_Y-200042.fits
200043,1.39453e-07,-3.05955e-07,7796,3.38,0.36258,25.616,1.6231099999999998e-09,19,1.68925e-05,1.63714e-09,17,70.2675,13670,120375.0,1,3.27434,0.035631,2.24783,1,2,6,351327000000000.0,981882000000.0,17.8417,1,/home/viviane/BLF_training/Images/EUC_H/imageEUC_H-200043.fits,/home/viviane/BLF_training/Images/EUC_J/imageEUC_J-200043.fits,/home/viviane/BLF_training/Images/EUC_VIS/imageEUC_VIS-200043.fits,/home/viviane/BLF_training/Images/EUC_Y/imageEUC_Y-200043.fits
200044,-3.17871e-07,-1.42036e-07,24,1.41,0.684567,27.846,1.70398e-09,40,2.20367e-05,1.5677e-09,0,0.0,7400,0.0,0,,-1.0000000000000007e+130,2.14121,2,3,9,410504000000000.0,1151740000000.0,19.2855,0,/home/viviane/BLF_training/Images/EUC_H/imageEUC_H-200044.fits,/home/viviane/BLF_training/Images/EUC_J/imageEUC_J-200044.fits,/home/viviane/BLF_training/Images/EUC_VIS/imageEUC_VIS-200044.fits,/home/viviane/BLF_training/Images/EUC_Y/imageEUC_Y-200044.fits
200045,-1.91293e-07,-2.1952e-07,4365,2.57,0.796201,26.9125,5.16596e-10,27,8.46801e-06,4.82119e-10,64,114.857,3575,11408.3,1,5.52066,0.194922,2.35385,2,4,11,46451600000000.0,524617000000.0,21.0526,1,/home/viviane/BLF_training/Images/EUC_H/imageEUC_H-200045.fits,/home/viviane/BLF_training/Images/EUC_J/imageEUC_J-200045.fits,/home/viviane/BLF_training/Images/EUC_VIS/imageEUC_VIS-200045.fits,/home/viviane/BLF_training/Images/EUC_Y/imageEUC_Y-200045.fits
200046,-1.7475999999999998e-07,-9.1415e-08,7254,2.03,0.8141390000000001,27.8057,6.68668e-10,23,5.701130000000002e-06,5.245269999999999e-10,10,11.7795,2223,10770.1,1,3.25211,0.036707800000000006,2.32242,2,3,7,87720900000000.0,697839000000.0,21.087,1,/home/viviane/BLF_training/Images/EUC_H/imageEUC_H-200046.fits,/home/viviane/BLF_training/Images/EUC_J/imageEUC_J-200046.fits,/home/viviane/BLF_training/Images/EUC_VIS/imageEUC_VIS-200046.fits,/home/viviane/BLF_training/Images/EUC_Y/imageEUC_Y-200046.fits
200047,-1.2289e-07,1.20879e-07,4707,1.7,1.30285,27.2739,1.39284e-10,16,1.22493e-05,1.2430500000000002e-10,13,23.9937,744,7371.35,1,1.85821,0.022894900000000003,1.94129,0,1,2,37702100000000.0,1055780000000.0,22.2258,1,/home/viviane/BLF_training/Images/EUC_H/imageEUC_H-200047.fits,/home/viviane/BLF_training/Images/EUC_J/imageEUC_J-200047.fits,/home/viviane/BLF_training/Images/EUC_VIS/imageEUC_VIS-200047.fits,/home/viviane/BLF_training/Images/EUC_Y/imageEUC_Y-200047.fits
200048,2.65662e-07,-1.70873e-07,4518,2.5,0.299672,27.5176,2.27097e-10,12,1.99886e-06,1.7988900000000003e-10,38,46.4788,9771,62141.9,2,3.25791,7.50042,0.660396,0,1,3,21473500000000.0,208602000000.0,18.6148,1,/home/viviane/BLF_training/Images/EUC_H/imageEUC_H-200048.fits,/home/viviane/BLF_training/Images/EUC_J/imageEUC_J-200048.fits,/home/viviane/BLF_training/Images/EUC_VIS/imageEUC_VIS-200048.fits,/home/viviane/BLF_training/Images/EUC_Y/imageEUC_Y-200048.fits
200049,-3.55163e-08,1.7915600000000005e-07,9944,2.24,0.7772600000000001,26.167,2.7709e-10,22,1.5361700000000004e-06,1.97554e-10,136,396.857,3030,13416.4,2,4.25002,0.8493139999999999,1.1699,1,2,6,20505300000000.0,518695000000.0,20.5904,1,/home/viviane/BLF_training/Images/EUC_H/imageEUC_H-200049.fits,/home/viviane/BLF_training/Images/EUC_J/imageEUC_J-200049.fits,/home/viviane/BLF_training/Images/EUC_VIS/imageEUC_VIS-200049.fits,/home/viviane/BLF_training/Images/EUC_Y/imageEUC_Y-200049.fits
200050,1.29566e-07,-8.90117e-08,6888,2.33,0.516081,27.8677,5.862719999999999e-10,14,1.19507e-05,5.025069999999999e-10,10,14.6401,7427,50489.8,2,1.46597,1.83584,0.926617,1,2,5,88865100000000.0,488056000000.0,19.478,1,/home/viviane/BLF_training/Images/EUC_H/imageEUC_H-200050.fits,/home/viviane/BLF_training/Images/EUC_J/imageEUC_J-200050.fits,/home/viviane/BLF_training/Images/EUC_VIS/imageEUC_VIS-200050.fits,/home/viviane/BLF_training/Images/EUC_Y/imageEUC_Y-200050.fits
200051,9.24353e-09,1.063e-07,3845,2.7,1.00928,27.7536,8.523260000000002e-10,27,9.21775e-06,5.03443e-10,11,13.6066,2383,12113.0,1,1.59369,0.0153129,2.92848,3,4,10,105453000000000.0,858365000000.0,21.623,1,/home/viviane/BLF_training/Images/EUC_H/imageEUC_H-200051.fits,/home/viviane/BLF_training/Images/EUC_J/imageEUC_J-200051.fits,/home/viviane/BLF_training/Images/EUC_VIS/imageEUC_VIS-200051.fits,/home/viviane/BLF_training/Images/EUC_Y/imageEUC_Y-200051.fits
200052,-1.6241900000000002e-07,2.87195e-07,6683,3.95,0.986833,27.76,6.85528e-10,24,1.03427e-05,5.93198e-10,12,17.0611,5186,24370.2,1,2.8463700000000003,0.0685034,1.48259,4,6,8,51852700000000.0,792133000000.0,21.3462,1,/home/viviane/BLF_training/Images/EUC_H/imageEUC_H-200052.fits,/home/viviane/BLF_training/Images/EUC_J/imageEUC_J-200052.fits,/home/viviane/BLF_training/Images/EUC_VIS/imageEUC_VIS-200052.fits,/home/viviane/BLF_training/Images/EUC_Y/imageEUC_Y-200052.fits
200053,-7.10107e-08,3.68959e-07,564,4.26,1.04656,24.7587,3.37746e-10,30,4.777530000000002e-06,2.3347200000000004e-10,107,1329.86,1558,4713.14,1,6.1405,0.05711759999999999,2.73511,0,0,5,46490500000000.0,649223000000.0,21.8833,1,/home/viviane/BLF_training/Images/EUC_H/imageEUC_H-200053.fits,/home/viviane/BLF_training/Images/EUC_J/imageEUC_J-200053.fits,/home/viviane/BLF_training/Images/EUC_VIS/imageEUC_VIS-200053.fits,/home/viviane/BLF_training/Images/EUC_Y/imageEUC_Y-200053.fits
200054,7.3158e-08,-2.67436e-08,3133,3.17,0.315792,27.4878,2.70775e-10,16,4.11056e-06,1.19178e-10,10,14.0141,9246,84208.9,1,1.44555,1.97511,0.6553869999999999,0,0,6,43723100000000.0,174548000000.0,18.2336,1,/home/viviane/BLF_training/Images/EUC_H/imageEUC_H-200054.fits,/home/viviane/BLF_training/Images/EUC_J/imageEUC_J-200054.fits,/home/viviane/BLF_training/Images/EUC_VIS/imageEUC_VIS-200054.fits,/home/viviane/BLF_training/Images/EUC_Y/imageEUC_Y-200054.fits
200055,4.71238e-07,7.50424e-08,5233,1.99,0.684567,25.9,1.64641e-09,36,2.46918e-05,1.5703599999999995e-09,100,328.946,5289,39075.7,1,5.1764800000000015,0.111067,0.701014,1,3,7,410504000000000.0,1151740000000.0,19.2821,1,/home/viviane/BLF_training/Images/EUC_H/imageEUC_H-200055.fits,/home/viviane/BLF_training/Images/EUC_J/imageEUC_J-200055.fits,/home/viviane/BLF_training/Images/EUC_VIS/imageEUC_VIS-200055.fits,/home/viviane/BLF_training/Images/EUC_Y/imageEUC_Y-200055.fits
200056,1.46576e-07,4.54139e-07,8176,2.0,0.684567,25.4877,1.40887e-09,41,1.16964e-05,1.40607e-09,176,542.687,3824,28130.4,3,1.41259,1.4341700000000002,1.80333,0,3,6,410504000000000.0,1151740000000.0,19.2724,1,/home/viviane/BLF_training/Images/EUC_H/imageEUC_H-200056.fits,/home/viviane/BLF_training/Images/EUC_J/imageEUC_J-200056.fits,/home/viviane/BLF_training/Images/EUC_VIS/imageEUC_VIS-200056.fits,/home/viviane/BLF_training/Images/EUC_Y/imageEUC_Y-200056.fits
200057,3.42239e-07,-4.64574e-08,5330,1.93,0.684567,26.9077,1.62174e-09,31,1.13897e-05,1.35203e-09,62,159.34,6068,44932.6,2,3.07022,0.16717200000000002,1.80333,1,3,7,410504000000000.0,1151740000000.0,19.2821,1,/home/viviane/BLF_training/Images/EUC_H/imageEUC_H-200057.fits,/home/viviane/BLF_training/Images/EUC_J/imageEUC_J-200057.fits,/home/viviane/BLF_training/Images/EUC_VIS/imageEUC_VIS-200057.fits,/home/viviane/BLF_training/Images/EUC_Y/imageEUC_Y-200057.fits
200058,-3.92409e-07,1.42672e-07,5628,2.33,1.23156,27.8567,8.38235e-11,16,2.74364e-06,4.60745e-11,0,0.0,517,4227.32,0,1.25975,-1.0000000000000007e+130,3.00697,0,0,4,23084700000000.0,251561000000.0,23.6094,1,/home/viviane/BLF_training/Images/EUC_H/imageEUC_H-200058.fits,/home/viviane/BLF_training/Images/EUC_J/imageEUC_J-200058.fits,/home/viviane/BLF_training/Images/EUC_VIS/imageEUC_VIS-200058.fits,/home/viviane/BLF_training/Images/EUC_Y/imageEUC_Y-200058.fits
200059,-6.54407e-08,-4.97244e-08,3389,2.62,0.549992,26.0315,4.00946e-10,14,4.5048199999999985e-06,3.45208e-10,54,179.21400000000003,3174,27006.8,2,1.6763099999999995,2.2820400000000003,1.05974,1,1,2,60425200000000.0,539363000000.0,19.6597,1,/home/viviane/BLF_training/Images/EUC_H/imageEUC_H-200059.fits,/home/viviane/BLF_training/Images/EUC_J/imageEUC_J-200059.fits,/home/viviane/BLF_training/Images/EUC_VIS/imageEUC_VIS-200059.fits,/home/viviane/BLF_training/Images/EUC_Y/imageEUC_Y-200059.fits
200060,-1.8746e-07,1.92133e-07,4289,2.21,0.616503,27.938,1.00015e-10,17,2.60641e-06,8.820200000000001e-11,0,0.0,3764,12442.7,0,6.25033,-1.0000000000000007e+130,2.36769,0,0,3,99246800000000.0,361377000000.0,20.1544,1,/home/viviane/BLF_training/Images/EUC_H/imageEUC_H-200060.fits,/home/viviane/BLF_training/Images/EUC_J/imageEUC_J-200060.fits,/home/viviane/BLF_training/Images/EUC_VIS/imageEUC_VIS-200060.fits,/home/viviane/BLF_training/Images/EUC_Y/imageEUC_Y-200060.fits
200061,2.54084e-07,-1.63008e-07,1980,2.4,0.996935,26.2038,9.29528e-11,18,7.86397e-07,7.33374e-11,258,553.149,1321,3549.49,1,4.37827,0.283404,2.13083,0,1,2,24703300000000.0,276736000000.0,22.6286,1,/home/viviane/BLF_training/Images/EUC_H/imageEUC_H-200061.fits,/home/viviane/BLF_training/Images/EUC_J/imageEUC_J-200061.fits,/home/viviane/BLF_training/Images/EUC_VIS/imageEUC_VIS-200061.fits,/home/viviane/BLF_training/Images/EUC_Y/imageEUC_Y-200061.fits
200062,-4.11489e-07,1.76804e-07,9732,2.33,0.149078,27.61,2.18075e-10,10,1.68226e-06,2.30613e-10,0,0.0,4743,417802.0,0,0.81624,-1.0000000000000007e+130,1.53381,1,1,1,20086900000000.0,194834000000.0,15.9802,1,/home/viviane/BLF_training/Images/EUC_H/imageEUC_H-200062.fits,/home/viviane/BLF_training/Images/EUC_J/imageEUC_J-200062.fits,/home/viviane/BLF_training/Images/EUC_VIS/imageEUC_VIS-200062.fits,/home/viviane/BLF_training/Images/EUC_Y/imageEUC_Y-200062.fits
200063,3.34526e-07,-1.75393e-07,7884,3.0,0.661759,27.0257,2.61799e-10,8,6.39969e-07,2.54272e-10,248,381.144,1575,15017.8,1,10.6057,0.724383,1.97052,0,0,2,26895300000000.0,591458000000.0,20.1854,1,/home/viviane/BLF_training/Images/EUC_H/imageEUC_H-200063.fits,/home/viviane/BLF_training/Images/EUC_J/imageEUC_J-200063.fits,/home/viviane/BLF_training/Images/EUC_VIS/imageEUC_VIS-200063.fits,/home/viviane/BLF_training/Images/EUC_Y/imageEUC_Y-200063.fits
200064,-4.283e-07,2.08537e-07,7553,2.19,1.13702,27.7724,2.77564e-10,19,6.06811e-06,1.5724600000000002e-10,5,6.6078100000000015,11086,53191.0,1,1.88246,0.334422,2.0789,2,2,8,29534700000000.0,591530000000.0,22.5238,1,/home/viviane/BLF_training/Images/EUC_H/imageEUC_H-200064.fits,/home/viviane/BLF_training/Images/EUC_J/imageEUC_J-200064.fits,/home/viviane/BLF_training/Images/EUC_VIS/imageEUC_VIS-200064.fits,/home/viviane/BLF_training/Images/EUC_Y/imageEUC_Y-200064.fits
200065,3.05904e-07,-1.21533e-08,612,2.04,0.684697,27.5731,4.72441e-10,11,7.34095e-06,4.371090000000001e-10,14,20.624,3223,24473.7,1,1.46669,0.399638,1.47623,1,1,2,72952500000000.0,619956000000.0,20.3565,1,/home/viviane/BLF_training/Images/EUC_H/imageEUC_H-200065.fits,/home/viviane/BLF_training/Images/EUC_J/imageEUC_J-200065.fits,/home/viviane/BLF_training/Images/EUC_VIS/imageEUC_VIS-200065.fits,/home/viviane/BLF_training/Images/EUC_Y/imageEUC_Y-200065.fits
200066,4.03457e-07,-1.6045400000000002e-07,5467,2.29,0.643777,27.6315,2.24169e-10,23,1.07515e-06,4.21209e-11,40,58.8378,4668,18175.0,2,5.98525,5.72874,1.98427,0,5,16,18568700000000.0,154810000000.0,20.5289,1,/home/viviane/BLF_training/Images/EUC_H/imageEUC_H-200066.fits,/home/viviane/BLF_training/Images/EUC_J/imageEUC_J-200066.fits,/home/viviane/BLF_training/Images/EUC_VIS/imageEUC_VIS-200066.fits,/home/viviane/BLF_training/Images/EUC_Y/imageEUC_Y-200066.fits
200067,2.13457e-07,1.55444e-07,1694,3.06,1.37141,25.8859,2.67845e-10,11,1.19503e-08,1.23544e-10,0,0.0,820,0.0,0,,-1.0000000000000007e+130,1.85591,0,1,4,35876400000000.0,660289000000.0,22.6091,0,/home/viviane/BLF_training/Images/EUC_H/imageEUC_H-200067.fits,/home/viviane/BLF_training/Images/EUC_J/imageEUC_J-200067.fits,/home/viviane/BLF_training/Images/EUC_VIS/imageEUC_VIS-200067.fits,/home/viviane/BLF_training/Images/EUC_Y/imageEUC_Y-200067.fits
200068,-2.73603e-07,1.96109e-07,4183,2.06,0.684567,26.73,1.57045e-09,32,1.27174e-05,1.4545999999999995e-09,44,76.9953,5564,43023.3,1,2.28315,0.00174002,2.29646,0,4,7,410504000000000.0,1151740000000.0,19.2821,1,/home/viviane/BLF_training/Images/EUC_H/imageEUC_H-200068.fits,/home/viviane/BLF_training/Images/EUC_J/imageEUC_J-200068.fits,/home/viviane/BLF_training/Images/EUC_VIS/imageEUC_VIS-200068.fits,/home/viviane/BLF_training/Images/EUC_Y/imageEUC_Y-200068.fits
200069,2.63727e-07,3.70432e-07,7246,2.55,1.21035,25.6277,3.4593400000000005e-10,29,1.04094e-05,2.06407e-10,54,163.96599999999995,2731,11243.8,1,2.02386,0.853432,2.02468,1,2,9,23231900000000.0,579928000000.0,22.7919,1,/home/viviane/BLF_training/Images/EUC_H/imageEUC_H-200069.fits,/home/viviane/BLF_training/Images/EUC_J/imageEUC_J-200069.fits,/home/viviane/BLF_training/Images/EUC_VIS/imageEUC_VIS-200069.fits,/home/viviane/BLF_training/Images/EUC_Y/imageEUC_Y-200069.fits
200070,7.91244e-08,4.02964e-07,1802,2.33,1.6401599999999998,25.7845,9.76e-11,15,6.98378e-07,5.14427e-11,243,619.408,1840,8337.57,1,3.22791,2.51171,2.6802,0,1,3,19643300000000.0,306019000000.0,23.2147,1,/home/viviane/BLF_training/Images/EUC_H/imageEUC_H-200070.fits,/home/viviane/BLF_training/Images/EUC_J/imageEUC_J-200070.fits,/home/viviane/BLF_training/Images/EUC_VIS/imageEUC_VIS-200070.fits,/home/viviane/BLF_training/Images/EUC_Y/imageEUC_Y-200070.fits
200071,1.73537e-07,1.7395600000000005e-07,6664,2.54,0.734495,27.0285,2.3753599999999995e-10,11,5.21408e-06,1.96851e-10,0,0.0,1888,0.0,0,,-1.0000000000000007e+130,2.50697,0,1,3,44753800000000.0,383386000000.0,20.9993,0,/home/viviane/BLF_training/Images/EUC_H/imageEUC_H-200071.fits,/home/viviane/BLF_training/Images/EUC_J/imageEUC_J-200071.fits,/home/viviane/BLF_training/Images/EUC_VIS/imageEUC_VIS-200071.fits,/home/viviane/BLF_training/Images/EUC_Y/imageEUC_Y-200071.fits
200072,1.81213e-07,-3.08962e-07,1688,2.3,0.64265,27.1737,8.846799999999999e-11,13,8.85299e-07,7.021800000000001e-11,46,64.1563,3201,10132.7,2,2.87289,4.4341,1.17729,1,1,2,22008900000000.0,141273000000.0,20.6771,1,/home/viviane/BLF_training/Images/EUC_H/imageEUC_H-200072.fits,/home/viviane/BLF_training/Images/EUC_J/imageEUC_J-200072.fits,/home/viviane/BLF_training/Images/EUC_VIS/imageEUC_VIS-200072.fits,/home/viviane/BLF_training/Images/EUC_Y/imageEUC_Y-200072.fits
200073,2.57894e-07,1.7317199999999998e-07,1802,2.33,1.14521,25.7845,7.091439999999999e-10,29,1.35454e-05,5.21097e-10,110,280.894,1645,7351.56,1,3.1973,0.31506,2.83659,0,3,10,195233000000000.0,750369000000.0,22.1608,1,/home/viviane/BLF_training/Images/EUC_H/imageEUC_H-200073.fits,/home/viviane/BLF_training/Images/EUC_J/imageEUC_J-200073.fits,/home/viviane/BLF_training/Images/EUC_VIS/imageEUC_VIS-200073.fits,/home/viviane/BLF_training/Images/EUC_Y/imageEUC_Y-200073.fits
200074,-6.47912e-08,3.43866e-07,5804,3.15,0.1121,25.453000000000007,4.1472900000000007e-10,8,4.70747e-06,2.94233e-10,70,276.587,23454,545034.0,2,1.6638400000000002,10.0515,1.71074,1,1,3,51269400000000.0,165334000000.0,16.2422,1,/home/viviane/BLF_training/Images/EUC_H/imageEUC_H-200074.fits,/home/viviane/BLF_training/Images/EUC_J/imageEUC_J-200074.fits,/home/viviane/BLF_training/Images/EUC_VIS/imageEUC_VIS-200074.fits,/home/viviane/BLF_training/Images/EUC_Y/imageEUC_Y-200074.fits
200075,-2.7798100000000003e-07,2.4100300000000003e-07,8150,1.45,0.684567,24.9554,1.74732e-09,38,2.38347e-05,1.6381500000000002e-09,52,234.061,5921,39161.8,1,2.36535,0.059328699999999984,1.08645,3,5,8,410504000000000.0,1151740000000.0,19.2821,1,/home/viviane/BLF_training/Images/EUC_H/imageEUC_H-200075.fits,/home/viviane/BLF_training/Images/EUC_J/imageEUC_J-200075.fits,/home/viviane/BLF_training/Images/EUC_VIS/imageEUC_VIS-200075.fits,/home/viviane/BLF_training/Images/EUC_Y/imageEUC_Y-200075.fits
200076,-7.446910000000001e-08,4.01865e-08,6720,2.57,0.721284,26.255,2.55112e-10,13,7.909249999999999e-06,1.6512e-10,0,0.0,9115,0.0,0,,-1.0000000000000007e+130,2.45256,1,2,2,23644500000000.0,296602000000.0,20.6406,0,/home/viviane/BLF_training/Images/EUC_H/imageEUC_H-200076.fits,/home/viviane/BLF_training/Images/EUC_J/imageEUC_J-200076.fits,/home/viviane/BLF_training/Images/EUC_VIS/imageEUC_VIS-200076.fits,/home/viviane/BLF_training/Images/EUC_Y/imageEUC_Y-200076.fits
200077,-4.71458e-07,-7.334110000000001e-08,2096,11.08,0.244668,26.155,1.22166e-09,14,2.7683799999999995e-06,1.08426e-09,834,1659.0,5926,310470.0,2,6.8453800000000005,0.389029,1.778,0,0,4,225558000000000.0,740369000000.0,16.5821,1,/home/viviane/BLF_training/Images/EUC_H/imageEUC_H-200077.fits,/home/viviane/BLF_training/Images/EUC_J/imageEUC_J-200077.fits,/home/viviane/BLF_training/Images/EUC_VIS/imageEUC_VIS-200077.fits,/home/viviane/BLF_training/Images/EUC_Y/imageEUC_Y-200077.fits
200078,3.2417e-07,-6.23997e-08,6542,2.2,0.684567,25.7269,1.63757e-09,33,1.67443e-05,1.50652e-09,75,237.106,5465,47448.4,1,3.24349,8.632360000000001e-05,1.90946,1,2,7,410504000000000.0,1151740000000.0,19.2821,1,/home/viviane/BLF_training/Images/EUC_H/imageEUC_H-200078.fits,/home/viviane/BLF_training/Images/EUC_J/imageEUC_J-200078.fits,/home/viviane/BLF_training/Images/EUC_VIS/imageEUC_VIS-200078.fits,/home/viviane/BLF_training/Images/EUC_Y/imageEUC_Y-200078.fits
200079,2.67771e-07,-1.71673e-07,3042,2.38,0.758521,27.0964,2.89553e-10,14,2.26807e-06,2.20988e-10,343,2506.02,2320,16005.4,2,3.0092,0.124333,1.71185,1,1,5,21458600000000.0,644487000000.0,20.5985,1,/home/viviane/BLF_training/Images/EUC_H/imageEUC_H-200079.fits,/home/viviane/BLF_training/Images/EUC_J/imageEUC_J-200079.fits,/home/viviane/BLF_training/Images/EUC_VIS/imageEUC_VIS-200079.fits,/home/viviane/BLF_training/Images/EUC_Y/imageEUC_Y-200079.fits
200080,-1.58432e-07,-2.21371e-07,5346,3.36,1.0976,27.1998,7.150410000000001e-10,25,1.51595e-05,6.776050000000001e-10,19,37.4078,1474,5020.08,1,2.61072,0.00246678,1.97376,1,4,7,131652000000000.0,780310000000.0,22.1348,1,/home/viviane/BLF_training/Images/EUC_H/imageEUC_H-200080.fits,/home/viviane/BLF_training/Images/EUC_J/imageEUC_J-200080.fits,/home/viviane/BLF_training/Images/EUC_VIS/imageEUC_VIS-200080.fits,/home/viviane/BLF_training/Images/EUC_Y/imageEUC_Y-200080.fits
200081,7.53742e-08,2.6052700000000004e-07,3841,1.86,0.15629,27.3128,9.62246e-10,7,2.8368300000000004e-07,7.846350000000001e-10,351,489.061,22643,1779850.0,2,16.2649,19.4983,0.854592,1,1,2,133786000000000.0,542377000000.0,15.2117,1,/home/viviane/BLF_training/Images/EUC_H/imageEUC_H-200081.fits,/home/viviane/BLF_training/Images/EUC_J/imageEUC_J-200081.fits,/home/viviane/BLF_training/Images/EUC_VIS/imageEUC_VIS-200081.fits,/home/viviane/BLF_training/Images/EUC_Y/imageEUC_Y-200081.fits
200082,4.61016e-08,-1.35741e-07,612,2.04,0.37446,27.5731,1.1771e-09,10,4.77714e-06,1.16796e-09,154,235.11,12732,228972.0,3,8.53847,0.978109,0.938188,0,1,4,135708000000000.0,1289640000000.0,17.3562,1,/home/viviane/BLF_training/Images/EUC_H/imageEUC_H-200082.fits,/home/viviane/BLF_training/Images/EUC_J/imageEUC_J-200082.fits,/home/viviane/BLF_training/Images/EUC_VIS/imageEUC_VIS-200082.fits,/home/viviane/BLF_training/Images/EUC_Y/imageEUC_Y-200082.fits
200083,-1.53234e-07,-3.21197e-07,4552,4.19,1.25929,26.4387,3.30865e-10,28,1.7431799999999995e-06,2.21245e-10,118,449.86,888,2657.78,3,3.4618800000000003,0.572163,2.0925700000000003,0,0,5,48888300000000.0,570053000000.0,21.8606,1,/home/viviane/BLF_training/Images/EUC_H/imageEUC_H-200083.fits,/home/viviane/BLF_training/Images/EUC_J/imageEUC_J-200083.fits,/home/viviane/BLF_training/Images/EUC_VIS/imageEUC_VIS-200083.fits,/home/viviane/BLF_training/Images/EUC_Y/imageEUC_Y-200083.fits
200084,-1.9958e-07,-1.20106e-07,3386,2.31,0.180977,25.5584,7.37467e-10,9,9.67602e-06,7.217899999999999e-10,66,258.698,29280,1021370.0,2,1.25497,13.1632,0.965129,0,0,4,104425000000000.0,559119000000.0,15.628,1,/home/viviane/BLF_training/Images/EUC_H/imageEUC_H-200084.fits,/home/viviane/BLF_training/Images/EUC_J/imageEUC_J-200084.fits,/home/viviane/BLF_training/Images/EUC_VIS/imageEUC_VIS-200084.fits,/home/viviane/BLF_training/Images/EUC_Y/imageEUC_Y-200084.fits
200085,-1.7569299999999998e-07,-2.92329e-07,685,2.26,0.684567,27.8167,1.6559499999999998e-09,35,1.0648e-06,1.36107e-09,244,375.687,6056,45650.2,4,4.503819999999998,0.488814,2.07503,0,2,7,410504000000000.0,1151740000000.0,19.2821,1,/home/viviane/BLF_training/Images/EUC_H/imageEUC_H-200085.fits,/home/viviane/BLF_training/Images/EUC_J/imageEUC_J-200085.fits,/home/viviane/BLF_training/Images/EUC_VIS/imageEUC_VIS-200085.fits,/home/viviane/BLF_training/Images/EUC_Y/imageEUC_Y-200085.fits
200086,-3.25901e-07,3.16277e-07,8332,2.31,0.792307,27.9249,1.87908e-10,13,4.65027e-07,1.5840700000000002e-10,0,0.0,1339,6644.02,0,8.91642,-1.0000000000000007e+130,1.98599,0,1,1,21800800000000.0,464654000000.0,20.9051,1,/home/viviane/BLF_training/Images/EUC_H/imageEUC_H-200086.fits,/home/viviane/BLF_training/Images/EUC_J/imageEUC_J-200086.fits,/home/viviane/BLF_training/Images/EUC_VIS/imageEUC_VIS-200086.fits,/home/viviane/BLF_training/Images/EUC_Y/imageEUC_Y-200086.fits
200087,1.58246e-07,-7.516709999999999e-09,5253,2.51,0.319176,25.9229,3.6808e-10,15,4.07254e-06,2.89548e-10,0,0.0,12739,0.0,0,,-1.0000000000000007e+130,1.57896,2,2,3,20197300000000.0,397151000000.0,18.2262,0,/home/viviane/BLF_training/Images/EUC_H/imageEUC_H-200087.fits,/home/viviane/BLF_training/Images/EUC_J/imageEUC_J-200087.fits,/home/viviane/BLF_training/Images/EUC_VIS/imageEUC_VIS-200087.fits,/home/viviane/BLF_training/Images/EUC_Y/imageEUC_Y-200087.fits
200088,-3.29083e-07,-1.00648e-07,30556,5.77,0.906975,27.1937,4.80261e-10,23,4.6473500000000005e-06,2.96881e-10,70,143.621,842,6513.94,2,2.71683,0.0255906,2.49893,0,1,3,67428600000000.0,424980000000.0,21.7888,1,/home/viviane/BLF_training/Images/EUC_H/imageEUC_H-200088.fits,/home/viviane/BLF_training/Images/EUC_J/imageEUC_J-200088.fits,/home/viviane/BLF_training/Images/EUC_VIS/imageEUC_VIS-200088.fits,/home/viviane/BLF_training/Images/EUC_Y/imageEUC_Y-200088.fits
200089,1.79088e-07,2.1008000000000004e-07,6720,2.57,0.889183,26.255,2.86061e-10,19,6.80452e-06,2.32453e-10,0,0.0,1642,0.0,0,,-1.0000000000000007e+130,2.66879,1,2,5,43351300000000.0,534233000000.0,21.4422,0,/home/viviane/BLF_training/Images/EUC_H/imageEUC_H-200089.fits,/home/viviane/BLF_training/Images/EUC_J/imageEUC_J-200089.fits,/home/viviane/BLF_training/Images/EUC_VIS/imageEUC_VIS-200089.fits,/home/viviane/BLF_training/Images/EUC_Y/imageEUC_Y-200089.fits
